기간,원자력,태양,풍력,수력,해양,바이오,합계
2026-01-01,90.78759367,96.774667,102.4213439,125.1179267,101.1943364,141.6893663,125.0878166
2025-12-01,100.0388086,94.6877359,87.3302346,111.62678,0,131.2272328,119.5536377
2025-11-01,66.14657457,96.2855969,93.1972502,109.3081057,108.3333333,133.1872217,107.5205707
2025-10-01,62.49469814,107.9144176,99.8874244,110.9013982,124.1813602,134.4662142,107.3949167
2025-09-01,73.38623475,124.076943,108.3513681,128.0003625,105.7967836,157.1364036,123.3292104
2025-08-01,80.65156433,122.2732191,116.2333415,135.8389879,0,162.5957585,131.675167
2025-07-01,82.85778452,127.7550521,116.0399627,140.3132741,0,155.7175241,134.493101
2025-06-01,79.14555459,126.0867862,116.4993675,132.6206619,0,139.9437322,125.7175783
2025-05-01,79.95032325,130.5487259,123.5513313,134.6367261,0,154.8248294,126.4738319
2025-04-01,79.59336966,131.6295524,121.1307424,135.7581446,26.830006,157.3952791,126.920746
2025-03-01,75.71060612,114.7256124,112.6516669,130.2245392,100.2898075,155.1717532,120.3177695
2025-02-01,81.46645581,124.0028245,115.4300653,141.3609761,0,153.6275407,131.4649682
2025-01-01,82.67853476,125.831473,111.7042546,142.4239731,0,152.3467915,134.1456224
2024-12-01,71.93878545,131.0221849,110.9996257,142.2703962,145.8333333,145.216785,129.2766013
2024-11-01,53.8835485,117.788266,112.9740524,129.6225259,0,142.4511611,108.6893311
2024-10-01,52.9801594,126.9110191,115.4895634,133.0806057,0,146.1403446,106.6421545
2024-09-01,78.02183388,145.7830468,136.0294787,154.6104365,132.5549092,165.0917841,139.8892873
2024-08-01,86.20784928,154.4050016,142.9246614,163.340777,139.7931944,172.8780209,152.857512
2024-07-01,79.92297273,143.6402183,129.606356,147.1934597,124.9172773,158.6347281,141.2654077
2024-06-01,71.41963265,135.3924751,122.0634779,138.9399127,118.370072,145.5711009,127.7848
2024-05-01,69.13790444,132.9549548,121.9188688,135.1110103,120.0950578,140.5148949,121.6551207
2024-04-01,68.2872885,125.521347,127.7040815,133.1746976,121.5703542,152.5196043,123.8433287
2024-03-01,52.35461683,130.9550288,131.1474633,151.7656255,133.5003653,166.8502924,122.1321908
2024-02-01,51.03664742,121.0304827,114.8430601,140.8190351,116.9117586,145.7380856,117.5699188
2024-01-01,59.3492091,152.1075082,135.3318994,164.63062,139.0210726,171.4290379,135.4499139
2023-12-01,92.29871209,140.354227,128.723727,150.4562479,130.4553197,166.7071625,128.5008274
2023-11-01,56.78328865,132.4274184,117.8630583,141.248791,119.196298,165.2804762,109.9501555
2023-10-01,59.22792438,147.110196,136.2930905,154.3889236,134.0679455,183.1136251,118.2219236
2023-09-01,61.2259686,149.4109189,138.7655501,152.2015622,131.8180104,183.4884079,129.2364079
2023-08-01,65.75072114,159.7117636,149.5889601,163.2870303,137.9842657,201.7706742,141.0099781
2023-07-01,67.56065958,166.8413012,149.6603109,164.8795043,143.0117629,209.7572178,141.6653244
2023-06-01,38.86655642,153.6640419,145.5831334,165.5033332,138.9352297,190.4297812,125.76924
2023-05-01,34.58988607,149.5898855,140.5474813,157.4355564,137.4613282,182.0679164,118.4674648
2023-04-01,37.02148593,156.4097526,156.706865,170.2258635,155.8334737,199.6241028,127.808506
2023-03-01,50.54938376,213.5341782,211.3318321,240.6177049,214.0199361,246.9369296,169.528902
2023-02-01,43.66950072,165.4043448,173.6366342,175.8422901,161.1878397,239.318134,166.0088193
2023-01-01,43.9260051,162.4324453,168.0688495,175.3950068,158.9429887,233.4540652,163.4044865
2022-12-01,50.44373664,163.4405759,169.0145082,186.3384452,158.9600001,220.3525269,176.4160161
2022-11-01,48.91459949,250.0844148,237.7298556,266.4930195,234.2444122,279.4033198,177.1295958
2022-10-01,48.38090148,266.359538,247.8002876,270.8119342,243.775297,282.7629532,176.9807137
2022-09-01,48.32274086,244.0199903,232.0324748,240.4131384,221.586837,281.3719841,175.6627394
2022-08-01,60.90109806,212.1065517,207.3574277,218.3753285,186.8689821,251.9965759,175.3983231
2022-07-01,51.96107095,156.2395964,168.7756889,174.2494558,145.3194779,202.1244317,138.3060219
2022-06-01,38.45303696,131.6858438,139.0968938,139.8682733,125.5456674,175.8977555,108.1823876
2022-05-01,39.373545,139.2872717,151.0855232,145.486419,138.0382226,183.7232655,110.7295217
2022-04-01,53.33556265,197.431906,206.1552343,209.0807963,202.5663721,232.5768493,153.2377963
2022-03-01,59.28093311,193.7902653,197.4876708,201.0173844,194.0881218,177.3709594,150.0786851
2022-02-01,67.89325523,195.0779799,196.5422268,220.7008202,193.362146,226.9019793,157.3895292
2022-01-01,61.51077446,149.9032631,161.3243035,181.7729342,149.900743,209.016774,135.0075958
2021-12-01,50.52155116,142.9708934,145.9668974,168.595562,143.2691343,193.5938011,124.4420281
2021-11-01,41.29019969,126.0263428,129.7620258,140.5176182,128.4843814,167.2980323,107.6917352
2021-10-01,35.11724932,107.6870834,110.9011524,114.7122187,107.762015,148.2534954,90.25891547
2021-09-01,32.73956963,98.7486589,101.463034,109.286731,93.3115041,150.9063846,88.61675831
2021-08-01,40.96712466,97.9217532,100.6966453,114.3666258,91.6457939,156.9421563,98.65633919
2021-07-01,64.28444661,91.1038748,92.7691576,104.7650569,85.034383,143.1479522,99.35025364
2021-06-01,69.58648274,83.9480494,86.6447626,90.841921,81.2522193,125.5730799,90.07003271
2021-05-01,64.65028547,78.9494258,80.7813857,83.6318539,78.3327445,105.5119336,82.72659476
2021-04-01,62.56654164,76.3390076,80.4286326,80.112759,75.8615521,108.3025777,78.80157328
2021-03-01,69.46125877,84.7436246,89.0449282,90.276577,83.7674624,115.3754744,87.9633616
2021-02-01,71.78331426,75.4763941,77.9342498,93.7884159,74.6225484,106.0642209,91.38966778
2021-01-01,72.4734479,71.1561103,72.3024792,93.1534387,70.6775058,106.5150593,92.30384144
2020-12-01,72.90218268,67.9994376,68.5364219,86.4285444,67.0702582,96.8950956,86.52759924
2020-11-01,51.0150919,50.138325,51.221579,60.3894882,49.6585309,80.91802,60.17182143
2020-10-01,49.90747073,50.8225753,53.1987195,56.1912754,50.2217404,87.3815148,57.3072895
2020-09-01,57.44038627,57.7041217,59.7138503,64.3811595,54.9485098,98.1468406,68.87438761
2020-08-01,69.72101125,67.8548726,68.0315676,75.4080242,60.2895037,117.8475992,84.66991751
2020-07-01,76.55064612,76.8904815,74.0650578,89.4382909,66.951593,127.3899016,95.16634068
2020-06-01,61.47366731,74.6671376,73.7871585,84.2684276,66.60303,113.3397546,79.97339974
2020-05-01,46.45436493,73.9331088,75.5889398,79.5180555,69.5839889,128.8337868,71.34236109
2020-04-01,48.92232611,76.0795247,83.5018909,82.5102917,73.4753404,133.9894487,75.12095733
2020-03-01,56.37741527,83.7962313,86.8002752,93.9604793,83.2074978,123.0418858,84.76080081
2020-02-01,60.74314064,82.2979861,85.4858265,101.3488709,81.5065487,130.4367218,92.8150798
2020-01-01,65.1539579,84.9784625,88.7479951,108.0658468,83.7964788,145.5593347,99.99968264
2019-12-01,81.28033039,86.0766053,92.8751569,106.7411254,83.6389639,130.4606549,96.40268309
2019-11-01,64.31181087,85.6266715,97.3793158,91.7989242,81.1828548,116.3022905,83.53307656
2019-10-01,52.6415696,92.5919745,104.2710233,94.7011157,86.5278544,122.7499076,80.23925411
2019-09-01,50.66897563,86.170724,97.9844201,91.700402,76.8721387,124.82314,78.08995621
2019-08-01,60.68451064,92.4127569,98.1485129,105.4536887,80.9963627,144.7820223,93.42257906
2019-07-01,57.34323416,87.0946742,91.6892455,100.6599858,75.8996228,123.1382424,90.23432103
2019-06-01,45.0403618,84.4047297,93.2675302,88.8156986,75.5521296,106.1640486,75.07439809
2019-05-01,43.4928264,84.0292558,89.7711386,85.9818743,78.1142938,109.2643718,70.08884097
2019-04-01,52.8253925,102.5761929,107.0672702,106.4156496,98.8300158,116.5698597,84.1989103
2019-03-01,61.98500745,112.9855635,118.3284394,126.443324,112.6414028,111.4654655,97.91755394
2019-02-01,64.60272859,104.4627683,111.7455711,130.9134399,103.5805744,103.6562032,103.1325267
2019-01-01,71.51296183,113.2553764,120.4970241,139.2841888,110.6463184,110.6451679,112.771223
2018-12-01,71.86873338,112.1424823,124.1732625,130.4271302,108.8073005,109.3290902,99.16537552
2018-11-01,62.60193131,108.6343626,115.7744675,115.1468976,104.6035921,104.3978719,87.78228237
2018-10-01,58.21142931,105.5499734,113.275904,109.0091502,101.5804373,101.6425975,82.28742315
2018-09-01,55.48334474,96.0507334,106.536495,103.9033711,89.1024257,89.6579338,80.58055058
2018-08-01,61.73313945,98.0847081,107.1180286,109.8477267,87.8126714,89.8456742,89.64482117
2018-07-01,63.11517154,94.9825245,97.916206,102.7867894,82.6561896,85.4936379,92.19713913
2018-06-01,60.04301175,93.4437121,97.8704585,100.003597,87.753841,89.1190117,86.89488597
2018-05-01,55.35784803,90.1977057,94.9564306,94.3036837,86.1605251,87.5123154,80.42395969
2018-04-01,57.58065783,92.9296728,96.6900073,97.5972775,90.057801,90.7226994,83.92871967
2018-03-01,67.52618931,102.5871053,106.959316,114.0962165,100.7062749,101.210552,98.68231102
2018-02-01,64.04876615,90.0812438,98.705369,110.8664641,88.4955692,90.0253186,95.10424298
2018-01-01,68.10434226,93.6985842,101.877064,115.1818481,91.4174153,91.8578763,99.59004858
2017-12-01,81.15629745,92.6292434,97.8695739,110.894261,90.0512352,90.6022505,93.76153364
2017-11-01,68.99004843,82.9513715,87.5330139,92.0234344,80.7730631,81.2613422,80.04898968
2017-10-01,48.26462948,75.8617604,87.0269097,80.3674434,69.6441047,71.0843711,68.75574717
2017-09-01,52.29107606,78.8528168,83.7433205,87.850294,70.677925,72.1193979,74.42505777
2017-08-01,57.22600026,83.5173589,85.0458724,90.7314838,72.901429,75.5158122,81.17788294
2017-07-01,57.70714582,83.8239372,82.033617,92.2976703,73.823237,75.7739645,81.3108728
2017-06-01,59.36753472,86.4791703,91.6492214,97.411108,79.8097421,82.1225134,83.995183
2017-05-01,53.09978672,81.1705218,83.0064206,87.9884475,77.1242296,78.5063219,75.17539205
2017-04-01,51.35821394,76.8812808,85.4003677,82.0109086,74.4498968,75.298629,72.13873888
2017-03-01,65.93672016,93.6387798,102.888498,105.4990117,91.5142915,91.9017788,92.09822559
2017-02-01,69.36297417,92.6141526,99.5005538,108.324932,90.4554927,91.0754414,94.9731073
2017-01-01,67.56692708,85.4945169,92.117047,105.5122541,84.7493413,85.7141153,93.11734016
2016-12-01,95.45168566,88.4583974,91.8257149,103.6685012,86.8359684,86.9500902,102.2814727
2016-11-01,79.44738993,76.5392877,81.7556224,87.268828,74.5689484,74.9259092,84.90745725
2016-10-01,70.75876709,75.2228667,80.1065727,80.2674257,73.0939742,73.3189506,73.742471
2016-09-01,67.0335952,73.5514967,79.462342,82.7980566,69.1877844,71.7830294,74.56287659
2016-08-01,60.55503309,75.3896623,78.1969056,87.9440747,69.9925968,71.3475049,74.67033058
2016-07-01,57.86798634,70.4017486,72.3851885,78.3642564,65.1662023,66.6935816,71.7856486
2016-06-01,54.42535877,67.0079773,69.3668966,77.8858181,64.1601363,65.3373855,66.74544422
2016-05-01,52.33894682,69.4550546,69.2607851,73.6459541,68.2418931,68.0590181,62.85318431
2016-04-01,57.91889862,74.7041589,75.6724769,80.9722696,74.8122004,74.9311882,68.33472418
2016-03-01,72.53424974,87.2468548,86.7980508,97.981191,87.3840137,87.0930101,86.37264847
2016-02-01,73.18803356,84.3339392,86.96695,102.1912616,84.2187869,86.3306595,88.45106712
2016-01-01,78.18521329,90.4251969,92.0125757,108.6188622,91.0983231,90.031337,94.10576771
2015-12-01,74.62369018,208.8377394,96.8666263,109.9777541,94.7275354,94.9486473,92.65500705
2015-11-01,69.43578059,98.0849571,96.7657295,102.4025446,95.8743037,94.7641979,85.03442184
2015-10-01,67.20948627,211.9372933,99.2265751,106.3100061,98.0388981,97.9848695,82.70632728
2015-09-01,63.70032092,93.3832236,99.6579782,100.1784735,84.635043,88.1229684,81.46242302
2015-08-01,64.87082552,94.2535427,96.0592646,101.5806285,85.0872361,87.9282235,82.24847592
2015-07-01,61.83515481,90.4376202,91.9584256,95.3806641,78.0732355,81.1558733,78.47895216
2015-06-01,46.42496669,459.6504377,95.1981382,95.9177858,82.1787353,105.4642401,76.53708432
2015-05-01,46.09383814,99.7566696,103.659371,101.5275676,95.4239733,103.5455749,65.47015264
2015-04-01,50.0235759,145.8354702,109.0584152,109.1585991,103.2841614,149.0300516,70.72086522
2015-03-01,62.34463217,153.0227093,118.291241,130.4646802,118.1807103,118.0776247,88.73374275
2015-02-01,64.90546482,245.9985267,127.4974979,138.9336418,112.5170674,193.5742797,92.78241573
2015-01-01,76.56840959,142.0864711,146.7581384,160.9104086,140.1279575,140.2961782,104.2278256
2014-12-01,44.34461076,213.3768809,149.0109883,155.1429518,143.3945821,216.438575,89.9383922
2014-11-01,52.85629378,146.4387174,144.5534844,141.916235,132.828115,133.1052375,88.07471337
2014-10-01,52.17421426,219.0904771,145.7302001,140.3382419,131.2390336,131.5459121,85.83666765
2014-09-01,49.92178616,171.8900677,149.5646721,139.5955913,123.0554633,128.4351863,86.13366193
2014-08-01,54.56709575,145.7949017,140.2772237,145.7899805,121.546275,126.4205328,83.86576791
2014-07-01,58.94875987,250.6449001,148.8306462,164.8609629,136.5287113,140.5426101,93.27167505
2014-06-01,52.87215004,587.7630954,145.6541523,149.4511073,132.9184358,231.0995941,90.98881038
2014-05-01,55.35317858,149.8514971,150.4273345,156.4653543,142.0351034,143.5508101,85.90452792
2014-04-01,57.49358965,167.2088235,163.3447891,163.3900327,149.0946171,149.9541248,90.37359544
2014-03-01,61.37187646,169.9400102,173.3628398,180.3732538,160.8581975,206.1338133,100.0093871
2014-02-01,57.61622733,245.1106101,167.9419807,173.787295,148.9800045,151.2040485,95.02653766
2014-01-01,58.89224004,175.0847559,152.8491682,165.9630256,138.546602,140.727411,95.16022875
2013-12-01,12.84203113,207.425635,159.7440651,166.1212015,148.9389103,148.4058037,76.13118841
2013-11-01,19.46068849,151.7190837,155.02123,160.294775,143.5230096,144.4233392,76.39503635
2013-10-01,29.15562859,186.2228313,169.7161442,172.0489664,151.0793855,155.31437,83.30091547
2013-09-01,26.65035773,221.5479818,154.3445891,149.161946,123.6110509,181.0666044,74.5233547
2013-08-01,32.72627349,163.3121247,156.300564,168.7443008,150.9524569,152.3092689,87.36958815
2013-07-01,52.48469948,166.8265486,162.5725517,168.0465285,147.48837,150.9979348,98.27168824
2013-06-01,48.84956812,167.1739433,171.0903467,174.0569565,149.1902778,154.7058249,94.19890626
2013-05-01,47.97603198,157.046506,156.2350768,165.4957027,146.3798903,148.8246514,90.39804959
2013-04-01,51.31067176,169.5806384,174.1313532,177.6105308,158.5951524,161.223762,97.00831299
2013-03-01,48.47597933,154.1597643,164.9597515,164.2467504,149.7925752,150.7948375,89.99655558
2013-02-01,48.24412938,151.3622838,164.3976019,165.3436737,145.8002186,149.0050545,90.06842463
2013-01-01,52.67065231,160.2095334,165.5420904,172.8669848,151.3720312,151.3844452,95.79322467
2012-12-01,28.4450052,183.3948921,172.3249168,189.889589,164.8029994,160.607851,80.4010413
2012-11-01,25.85991179,145.8535188,160.026981,156.5642234,137.4416207,137.2905085,75.19710256
2012-10-01,27.34083833,156.8840746,172.0137255,166.4719398,143.3860396,147.4964526,72.21361186
2012-09-01,25.37241606,138.2318632,147.9076848,145.4953522,123.8456155,130.2399953,67.46672217
2012-08-01,42.53954494,174.109206,170.2861179,176.8482732,151.5374749,157.1921793,91.39195171
2012-07-01,45.70925296,197.380453,186.9103954,206.5875797,176.0869639,181.5254529,100.2818551
2012-06-01,38.92943957,189.2709655,193.0190495,199.902343,168.3611061,174.4857623,89.83488101
2012-05-01,40.46104874,180.1514842,183.4627947,186.4078899,165.3933018,168.9181751,92.46151247
2012-04-01,47.54981764,162.5058303,175.8639061,169.5288612,152.7905112,154.4031664,100.8795543
2012-03-01,51.97012088,187.7457996,193.1914548,200.4660176,174.7980904,172.5403712,108.1688277
2012-02-01,47.9520417,173.035506,183.1499679,185.3791564,154.3399723,157.1449253,100.1526754
2012-01-01,51.29545983,146.4424504,165.3502688,174.4167884,141.4300867,145.3194863,100.8197452
2011-12-01,39.6371766,153.3569177,162.22092,163.7345997,145.0654135,144.8550462,90.3871001
2011-11-01,38.43693044,144.8575369,151.990559,156.5980684,138.1073168,138.7677285,80.71225783
2011-10-01,34.97695589,127.6778399,147.4812887,140.0597828,122.2529291,122.4507016,72.7558981
2011-09-01,36.16238093,144.0492355,152.2613532,146.6533787,114.90909,128.948365,79.75526027
2011-08-01,37.26666873,129.5008361,137.1873467,127.1501881,115.6579163,113.3080875,76.49671698
2011-07-01,37.76673951,134.2238783,143.5255334,128.7501709,129.809739,115.5646474,77.87051326
2011-06-01,39.56398217,125.13877,137.5998835,130.1295099,131.7974084,119.5690223,79.02396753
2011-05-01,39.12765521,119.3902102,135.7521314,125.7460703,123.4522362,116.8369579,74.13318224
2011-04-01,39.13500586,119.8281771,132.7054833,131.8409321,126.2981174,116.7843257,75.271944
2011-03-01,40.78655921,127.5186298,136.9263546,138.6894139,133.2795203,122.4295315,80.18813912
2011-02-01,40.02402006,121.7424794,132.3397472,141.159599,126.0941339,121.3467134,76.0528439
2011-01-01,46.92417148,138.9382994,140.8264117,155.5247219,128.996011,130.6638138,88.41403711
2010-12-01,33.97723862,140.3231303,135.5832396,157.6446363,148.1651189,130.220641,75.84499134
2010-11-01,29.26259787,108.0464007,112.3329785,122.0837707,100.5539685,104.3180374,63.8922045
2010-10-01,30.3797222,116.0977204,123.4540328,127.1044161,110.2756615,110.7688787,65.04955257
2010-09-01,30.67390224,124.6202202,119.5852802,125.7837814,126.647547,111.5127889,68.78939747
2010-08-01,34.82591795,134.2880791,115.5768078,137.3211373,130.1923569,114.9861897,74.63690512
2010-07-01,46.36721903,130.6085432,116.5780708,136.9000221,121.2854525,111.0882934,76.85562512
2010-06-01,42.95397259,126.1484927,119.31321,132.0507601,107.9626461,113.2808725,72.69658053
2010-05-01,43.74300233,118.9239322,120.7997098,128.2526364,0,114.5632891,71.69517292
2010-04-01,43.8520527,121.3266572,121.8776216,128.11911,124.0118423,114.5549329,72.92743523
2010-03-01,45.62131436,130.187434,129.935726,139.0873847,117.6916815,118.3870143,76.48120042
2010-02-01,44.53809197,127.7871685,133.565343,144.0883209,147.8435673,117.4540918,75.81448698
2010-01-01,49.31563138,129.0480443,127.6960649,152.2358975,0,120.4317687,80.59454229
