조건별분석,,,,,,,,
[검색조건],,,,,,,,
,분류: 지상,,,,,,,
,요소 : 기온,,,,,,,
,검색구분 : 일,,,,,,,
,지역/지점명 : 서울,,,,,,,
,기간 : 2023 ~ 2024년 01 ~ 12월 01 ~ 31일,,,,,,,
,,,,,,,,
,,,,,,,,
"	",,,,,,,,
"		지점번호",지점명,일시,평균기온(℃),최고기온(℃),"	최고기온시각",최저기온(℃),최저기온시각일교차,
"		108",서울,2023-01-01,-0.2,3.8,13:43,-4.3,23:50,8.1
"		108",서울,2023-01-02,-4.5,-0.4,15:25,-7.4,8:04,7
"		108",서울,2023-01-03,-5,0.6,15:55,-9,5:51,9.6
"		108",서울,2023-01-04,-1.8,3.3,15:10,-5.7,2:29,9
"		108",서울,2023-01-05,-1.6,3.6,15:36,-5.6,7:49,9.2
"		108",서울,2023-01-06,0.6,5.7,14:14,-4.7,8:16,10.4
"		108",서울,2023-01-07,1.5,3.8,13:36,-1.4,23:54,5.2
"		108",서울,2023-01-08,1.3,6.3,15:22,-3.7,8:00,10
"		108",서울,2023-01-09,3.1,7,12:38,-1.3,24:00:00,8.3
"		108",서울,2023-01-10,1.6,9.1,15:30,-3.9,7:24,13
"		108",서울,2023-01-11,2.6,9.2,14:10,-2,8:02,11.2
"		108",서울,2023-01-12,5.9,12.5,16:00,-0.6,6:45,13.1
"		108",서울,2023-01-13,8.3,10.1,16:28,5.1,2:25,5
"		108",서울,2023-01-14,6.6,8.4,0:01,3.8,23:28,4.6
"		108",서울,2023-01-15,-0.2,3.8,0:01,-3.5,23:38,7.3
"		108",서울,2023-01-16,-4.6,-1.2,14:32,-6.8,8:49,5.6
"		108",서울,2023-01-17,-3.7,-0.4,14:02,-7,3:11,6.6
"		108",서울,2023-01-18,-1.9,2.2,14:52,-4.6,8:15,6.8
"		108",서울,2023-01-19,-0.4,4.3,14:19,-6,6:01,10.3
"		108",서울,2023-01-20,-3.3,2,2:22,-7.7,23:53,9.7
"		108",서울,2023-01-21,-4.5,1.5,15:22,-10.5,7:13,12
"		108",서울,2023-01-22,-0.6,2.6,15:33,-2.8,1:17,5.4
"		108",서울,2023-01-23,-0.8,4.6,13:45,-6.9,23:54,11.5
"		108",서울,2023-01-24,-14.7,-6.9,0:01,-17,23:54,10.1
"		108",서울,2023-01-25,-11.3,-5.4,16:20,-17.3,1:44,11.9
"		108",서울,2023-01-26,-6,-3.5,15:59,-9,5:02,5.5
"		108",서울,2023-01-27,-7.3,-3.8,15:48,-9.6,23:33,5.8
"		108",서울,2023-01-28,-6,-0.6,15:54,-11.2,8:13,10.6
"		108",서울,2023-01-29,-1.8,4.9,14:26,-8,6:07,12.9
"		108",서울,2023-01-30,-0.9,4.2,15:15,-4.4,4:49,8.6
"		108",서울,2023-01-31,2.4,7.8,15:30,-3.5,4:02,11.3
"		108",서울,2023-02-01,0.9,6,0:01,-3,24:00:00,9
"		108",서울,2023-02-02,-2.4,1.4,16:06,-5.1,7:19,6.5
"		108",서울,2023-02-03,-1.6,3.4,15:40,-3.9,1:18,7.3
"		108",서울,2023-02-04,-0.2,6,15:28,-5.2,5:35,11.2
"		108",서울,2023-02-05,1.7,7.1,13:38,-3.3,7:26,10.4
"		108",서울,2023-02-06,3,8.8,14:58,-1.7,7:16,10.5
"		108",서울,2023-02-07,3.5,9.5,15:46,-0.6,7:27,10.1
"		108",서울,2023-02-08,2.1,7.8,15:05,-1.3,6:45,9.1
"		108",서울,2023-02-09,4,9.9,15:37,-2.8,5:09,12.7
"		108",서울,2023-02-10,3.8,6.2,16:10,1.1,23:56,5.1
"		108",서울,2023-02-11,2.8,8.5,14:17,-1.2,7:03,9.7
"		108",서울,2023-02-12,3.7,7.6,13:51,-0.9,6:24,8.5
"		108",서울,2023-02-13,5.9,8.4,12:19,2.7,23:51,5.7
"		108",서울,2023-02-14,1.7,6.6,15:21,-2.5,7:30,9.1
"		108",서울,2023-02-15,3.2,8.9,15:58,-1.2,7:06,10.1
"		108",서울,2023-02-16,2.3,4.5,14:59,-0.7,23:53,5.2
"		108",서울,2023-02-17,3.4,9.8,15:42,-1.5,5:43,11.3
"		108",서울,2023-02-18,5.7,8.1,15:29,3,0:06,5.1
"		108",서울,2023-02-19,3.5,6.1,14:57,0.2,23:41,5.9
"		108",서울,2023-02-20,-0.5,2.4,14:19,-3.5,23:57,5.9
"		108",서울,2023-02-21,-1.3,4.8,16:18,-5.3,7:59,10.1
"		108",서울,2023-02-22,1.2,8.4,14:52,-4.5,7:12,12.9
"		108",서울,2023-02-23,2.9,9.2,15:31,-1.8,6:29,11
"		108",서울,2023-02-24,3.5,8.5,15:01,-0.4,24:00:00,8.9
"		108",서울,2023-02-25,0.7,5.7,15:27,-2.9,7:27,8.6
"		108",서울,2023-02-26,2.2,9.4,15:34,-3.4,7:29,12.8
"		108",서울,2023-02-27,4.4,12.4,15:01,-1.8,6:46,14.2
"		108",서울,2023-02-28,4.3,8.7,15:53,-0.7,7:19,9.4
"		108",서울,2023-03-01,6,9,15:25,2.9,23:55,6.1
"		108",서울,2023-03-02,2.2,6.6,15:41,-1.8,7:36,8.4
"		108",서울,2023-03-03,4.6,10.4,14:45,-1.9,7:08,12.3
"		108",서울,2023-03-04,7.7,14.1,15:13,3.7,8:00,10.4
"		108",서울,2023-03-05,8,15.4,14:15,2.5,7:02,12.9
"		108",서울,2023-03-06,9.2,16.5,14:55,2.2,7:01,14.3
"		108",서울,2023-03-07,11.7,19.4,14:43,6.3,6:45,13.1
"		108",서울,2023-03-08,12.5,17.7,12:37,7.4,5:59,10.3
"		108",서울,2023-03-09,10.3,13.1,0:01,7.4,23:16,5.7
"		108",서울,2023-03-10,13.5,22.2,15:28,6.2,4:56,16
"		108",서울,2023-03-11,15.2,22.8,14:28,10.2,6:59,12.6
"		108",서울,2023-03-12,5.9,12.6,0:01,0.6,23:55,12
"		108",서울,2023-03-13,2.9,7.6,14:44,-1.9,6:51,9.5
"		108",서울,2023-03-14,9.2,15.4,15:33,3.3,3:31,12.1
"		108",서울,2023-03-15,8.6,14.4,12:15,3.5,24:00:00,10.9
"		108",서울,2023-03-16,4.6,9,13:49,0.4,5:09,8.6
"		108",서울,2023-03-17,7.2,12.7,15:43,0.7,6:52,12
"		108",서울,2023-03-18,7.7,14,15:32,2.5,6:29,11.5
"		108",서울,2023-03-19,8.3,15.2,15:39,2.3,7:07,12.9
"		108",서울,2023-03-20,9.5,17.1,14:43,2.6,7:04,14.5
"		108",서울,2023-03-21,13,22.2,16:27,5,6:46,17.2
"		108",서울,2023-03-22,17,25.1,14:25,9.2,5:32,15.9
"		108",서울,2023-03-23,17.4,23.3,15:37,12.3,23:58,11
"		108",서울,2023-03-24,12.5,18.3,15:17,7.6,6:33,10.7
"		108",서울,2023-03-25,12.5,18.7,15:11,8,6:35,10.7
"		108",서울,2023-03-26,9.4,14,15:07,4.7,23:56,9.3
"		108",서울,2023-03-27,7.3,14.5,15:03,1.9,6:15,12.6
"		108",서울,2023-03-28,9.2,15.7,15:27,2.8,6:24,12.9
"		108",서울,2023-03-29,11.8,19.7,15:08,5.1,5:49,14.6
"		108",서울,2023-03-30,13.3,21.2,16:04,6.4,6:44,14.8
"		108",서울,2023-03-31,15,23.9,15:37,7.5,6:55,16.4
"		108",서울,2023-04-01,17.5,25.6,15:25,9.4,6:46,16.2
"		108",서울,2023-04-02,18.8,25.2,15:05,11.9,6:17,13.3
"		108",서울,2023-04-03,19,25.9,16:08,11.3,6:36,14.6
"		108",서울,2023-04-04,17.6,21.7,14:02,12.7,23:52,9
"		108",서울,2023-04-05,11.9,14.9,13:01,8.7,22:18,6.2
"		108",서울,2023-04-06,8.8,9.7,13:12,7.4,23:55,2.3
"		108",서울,2023-04-07,8.9,15.7,14:04,4.6,23:39,11.1
"		108",서울,2023-04-08,8.8,14.9,15:15,3.1,5:18,11.8
"		108",서울,2023-04-09,10.8,17.8,14:31,3.5,6:24,14.3
"		108",서울,2023-04-10,13.2,19.1,14:02,6.2,5:26,12.9
"		108",서울,2023-04-11,13.1,17.4,9:28,9.2,23:56,8.2
"		108",서울,2023-04-12,10.1,15.3,15:20,4.8,6:24,10.5
"		108",서울,2023-04-13,11.9,17.2,15:12,5.1,6:11,12.1
"		108",서울,2023-04-14,16.2,21.3,15:15,11.9,0:30,9.4
"		108",서울,2023-04-15,13.5,16.6,15:37,9.3,23:59,7.3
"		108",서울,2023-04-16,10.8,16.1,16:21,7.5,5:29,8.6
"		108",서울,2023-04-17,13.1,18.1,15:51,6.8,5:41,11.3
"		108",서울,2023-04-18,14,18.4,17:26,10.7,8:03,7.7
"		108",서울,2023-04-19,19.1,28.4,16:28,11.5,5:52,16.9
"		108",서울,2023-04-20,15.8,18.9,0:01,14.5,22:56,4.4
"		108",서울,2023-04-21,16.7,22.8,15:06,11.4,6:21,11.4
"		108",서울,2023-04-22,16.9,22.5,15:29,12.2,5:59,10.3
"		108",서울,2023-04-23,16.1,22.1,13:47,10.7,5:57,11.4
"		108",서울,2023-04-24,15.8,21.3,14:31,11.5,23:49,9.8
"		108",서울,2023-04-25,10.9,13.2,10:07,9,22:44,4.2
"		108",서울,2023-04-26,10.2,13.5,15:08,7.4,23:50,6.1
"		108",서울,2023-04-27,12.9,20,15:26,5.1,6:10,14.9
"		108",서울,2023-04-28,15.7,21.3,14:44,9,6:13,12.3
"		108",서울,2023-04-29,13.2,15.8,7:55,9.9,21:44,5.9
"		108",서울,2023-04-30,12.7,17.9,15:07,7.9,4:30,10
"		108",서울,2023-05-01,14.6,20.8,16:23,9.8,5:58,11
"		108",서울,2023-05-02,16.7,23.7,15:52,9.1,5:23,14.6
"		108",서울,2023-05-03,19.5,26.2,15:09,12.4,6:26,13.8
"		108",서울,2023-05-04,21.4,25.8,14:35,15.6,5:47,10.2
"		108",서울,2023-05-05,18.4,21.6,0:01,15.5,23:58,6.1
"		108",서울,2023-05-06,12.6,15.5,0:01,11.7,8:38,3.8
"		108",서울,2023-05-07,14.4,18.6,16:35,11.1,23:27,7.5
"		108",서울,2023-05-08,15.3,22,13:40,7.9,5:47,14.1
"		108",서울,2023-05-09,17,24.4,15:00,10,5:50,14.4
"		108",서울,2023-05-10,18.4,26,15:46,10.7,5:51,15.3
"		108",서울,2023-05-11,19.5,26.7,14:23,12.8,5:45,13.9
"		108",서울,2023-05-12,18.4,24.7,14:26,13.1,5:51,11.6
"		108",서울,2023-05-13,17.8,23.9,14:17,12.6,6:08,11.3
"		108",서울,2023-05-14,18.1,23.8,14:00,12.9,5:20,10.9
"		108",서울,2023-05-15,20.6,27.9,15:46,12.8,5:20,15.1
"		108",서울,2023-05-16,24,31.2,14:36,17.2,5:15,14
"		108",서울,2023-05-17,23.5,28.7,13:10,18.6,4:42,10.1
"		108",서울,2023-05-18,21.2,27.6,13:26,18.8,23:58,8.8
"		108",서울,2023-05-19,22.3,27.8,14:09,16.7,5:31,11.1
"		108",서울,2023-05-20,21.2,26.7,12:00,16.6,23:13,10.1
"		108",서울,2023-05-21,17.8,21.9,16:08,15.3,6:03,6.6
"		108",서울,2023-05-22,20.3,26.8,16:22,15.9,4:12,10.9
"		108",서울,2023-05-23,20.5,26.9,16:50,14.1,5:34,12.8
"		108",서울,2023-05-24,20.6,25.9,13:29,14.8,5:35,11.1
"		108",서울,2023-05-25,21.2,27.4,14:03,15.7,5:34,11.7
"		108",서울,2023-05-26,21.4,27.3,15:22,15.8,5:44,11.5
"		108",서울,2023-05-27,19.3,20.7,8:51,18.6,4:31,2.1
"		108",서울,2023-05-28,19.2,20.2,13:15,18.4,6:49,1.8
"		108",서울,2023-05-29,23.2,28.5,16:46,19,0:01,9.5
"		108",서울,2023-05-30,24,28.9,14:54,20.5,5:43,8.4
"		108",서울,2023-05-31,22.8,28.2,16:25,18.8,5:06,9.4
"		108",서울,2023-06-01,22.8,26.3,17:07,19.7,5:28,6.6
"		108",서울,2023-06-02,20.4,25,16:48,17.9,6:01,7.1
"		108",서울,2023-06-03,22,27.8,14:23,16.6,6:07,11.2
"		108",서울,2023-06-04,22.1,28,16:27,16.9,5:37,11.1
"		108",서울,2023-06-05,21.5,26.3,15:32,17.6,5:32,8.7
"		108",서울,2023-06-06,20.3,25.2,13:35,17.3,5:37,7.9
"		108",서울,2023-06-07,21.4,25.7,17:23,18.9,3:32,6.8
"		108",서울,2023-06-08,20.4,23.9,16:13,18.3,23:39,5.6
"		108",서울,2023-06-09,23.3,28.4,16:46,18.3,5:24,10.1
"		108",서울,2023-06-10,23.2,28.5,12:48,19.6,23:32,8.9
"		108",서울,2023-06-11,22.1,27.3,17:10,17.9,4:22,9.4
"		108",서울,2023-06-12,22.2,27.5,13:53,18.4,6:10,9.1
"		108",서울,2023-06-13,22,26,13:13,19.2,5:56,6.8
"		108",서울,2023-06-14,20.6,25,12:58,17.5,5:08,7.5
"		108",서울,2023-06-15,22.7,28.3,15:16,17.7,5:45,10.6
"		108",서울,2023-06-16,23.7,28.9,15:35,19.1,5:01,9.8
"		108",서울,2023-06-17,24.2,30.2,15:15,18.9,5:40,11.3
"		108",서울,2023-06-18,25.9,32.6,16:36,20.8,5:18,11.8
"		108",서울,2023-06-19,28.5,34,14:55,23.3,3:53,10.7
"		108",서울,2023-06-20,24.7,26.4,10:40,21.4,23:56,5
"		108",서울,2023-06-21,20.5,22.1,15:22,19.2,3:44,2.9
"		108",서울,2023-06-22,22.5,26.4,15:29,18.9,5:24,7.5
"		108",서울,2023-06-23,24.4,29.9,16:50,20,3:09,9.9
"		108",서울,2023-06-24,26.4,31.1,15:40,21.9,5:14,9.2
"		108",서울,2023-06-25,28.2,33.1,15:29,22.8,5:45,10.3
"		108",서울,2023-06-26,24.2,27.5,0:01,22.3,6:06,5.2
"		108",서울,2023-06-27,25.3,29.1,16:57,21.4,5:25,7.7
"		108",서울,2023-06-28,26.5,30.1,14:53,24.2,4:47,5.9
"		108",서울,2023-06-29,24.2,25.9,0:07,23.2,23:43,2.7
"		108",서울,2023-06-30,25.3,29.1,16:03,23.2,0:01,5.9
"		108",서울,2023-07-01,27.7,32.9,14:59,23.3,3:21,9.6
"		108",서울,2023-07-02,26.7,30.6,16:17,23.5,5:43,7.1
"		108",서울,2023-07-03,29.1,34.9,16:16,24.1,5:24,10.8
"		108",서울,2023-07-04,26.1,29.2,12:39,24.5,20:04,4.7
"		108",서울,2023-07-05,24.5,27.1,13:08,22.1,6:48,5
"		108",서울,2023-07-06,27.3,31.8,14:35,22.4,5:45,9.4
"		108",서울,2023-07-07,26.7,31.4,14:47,23.3,23:45,8.1
"		108",서울,2023-07-08,25.6,29.7,15:41,22.4,3:46,7.3
"		108",서울,2023-07-09,24.7,27,8:49,21.6,12:08,5.4
"		108",서울,2023-07-10,26.3,30.9,15:18,22.9,6:26,8
"		108",서울,2023-07-11,23.5,25.9,8:07,21.6,17:33,4.3
"		108",서울,2023-07-12,25.8,29.1,15:52,22,0:01,7.1
"		108",서울,2023-07-13,25.2,26.5,9:43,24.7,12:15,1.8
"		108",서울,2023-07-14,24.6,25.1,10:26,23.9,2:06,1.2
"		108",서울,2023-07-15,24.5,25.7,12:11,23.7,23:58,2
"		108",서울,2023-07-16,24.6,25.4,17:45,23.7,0:01,1.7
"		108",서울,2023-07-17,25.5,27.8,14:37,23.7,4:46,4.1
"		108",서울,2023-07-18,25.2,27.7,17:21,24.1,5:27,3.6
"		108",서울,2023-07-19,27.2,32.4,16:29,22.5,5:27,9.9
"		108",서울,2023-07-20,27.9,32.8,15:47,24,5:49,8.8
"		108",서울,2023-07-21,29.5,34.3,16:28,24.6,5:54,9.7
"		108",서울,2023-07-22,27.7,32.5,12:27,24.6,21:42,7.9
"		108",서울,2023-07-23,25.2,25.8,15:15,24.5,7:52,1.3
"		108",서울,2023-07-24,26.9,30,15:27,24.6,5:21,5.4
"		108",서울,2023-07-25,27.8,30.5,14:32,25.8,4:28,4.7
"		108",서울,2023-07-26,27.6,31.1,15:39,24.9,6:06,6.2
"		108",서울,2023-07-27,28.4,32.2,13:00,24.4,5:39,7.8
"		108",서울,2023-07-28,29.5,34.1,14:16,25.4,5:36,8.7
"		108",서울,2023-07-29,29.1,33.3,15:27,26.1,4:42,7.2
"		108",서울,2023-07-30,28.8,34.9,15:55,24.9,5:50,10
"		108",서울,2023-07-31,28.7,33.4,14:40,25.6,0:03,7.8
"		108",서울,2023-08-01,29.9,34.2,16:46,25.5,5:36,8.7
"		108",서울,2023-08-02,29.7,33.7,14:36,26.8,5:19,6.9
"		108",서울,2023-08-03,29.5,33.8,14:46,25.8,6:15,8
"		108",서울,2023-08-04,30,34.4,16:34,26.5,5:20,7.9
"		108",서울,2023-08-05,30.3,34.9,15:48,26.4,6:11,8.5
"		108",서울,2023-08-06,29.8,33,14:03,27,16:06,6
"		108",서울,2023-08-07,30.4,34.6,15:46,27.3,5:40,7.3
"		108",서울,2023-08-08,30.9,35.8,16:00,26.4,5:53,9.4
"		108",서울,2023-08-09,28.3,31.6,11:02,25.1,23:58,6.5
"		108",서울,2023-08-10,22.2,25.1,0:01,20.9,19:54,4.2
"		108",서울,2023-08-11,23.5,24.9,17:03,21.6,0:01,3.3
"		108",서울,2023-08-12,23.3,24.1,0:01,22.5,22:47,1.6
"		108",서울,2023-08-13,27,31.1,17:45,22.6,0:01,8.5
"		108",서울,2023-08-14,28.1,31.9,14:25,24.8,6:02,7.1
"		108",서울,2023-08-15,28.6,32.7,15:03,24.7,6:12,8
"		108",서울,2023-08-16,27.3,31.6,13:52,24.7,5:40,6.9
"		108",서울,2023-08-17,28.2,32.4,13:49,24.5,6:15,7.9
"		108",서울,2023-08-18,29.1,33.3,14:13,25.5,5:47,7.8
"		108",서울,2023-08-19,29.1,33.6,15:28,26.4,6:20,7.2
"		108",서울,2023-08-20,28.3,31.8,13:48,25.5,4:59,6.3
"		108",서울,2023-08-21,29.5,33.6,14:02,26,6:14,7.6
"		108",서울,2023-08-22,27.6,32.2,13:56,25.8,22:20,6.4
"		108",서울,2023-08-23,24.8,27.2,9:32,23.2,24:00:00,4
"		108",서울,2023-08-24,25.1,27.8,14:19,22.3,4:34,5.5
"		108",서울,2023-08-25,26.5,30,16:18,24,5:55,6
"		108",서울,2023-08-26,26.4,30.3,15:45,23.3,6:36,7
"		108",서울,2023-08-27,26.1,29.6,16:13,22.7,5:05,6.9
"		108",서울,2023-08-28,22.7,25.6,0:01,20.8,8:53,4.8
"		108",서울,2023-08-29,23.9,25.5,10:29,22.5,20:34,3
"		108",서울,2023-08-30,22.8,24.5,12:30,21.5,23:53,3
"		108",서울,2023-08-31,23.9,28.9,15:34,21,5:47,7.9
"		108",서울,2023-09-01,24.5,29.6,15:43,19.7,6:10,9.9
"		108",서울,2023-09-02,25.4,30.8,15:36,19.7,6:39,11.1
"		108",서울,2023-09-03,25.8,28.8,14:14,23.1,7:49,5.7
"		108",서울,2023-09-04,27,30.2,16:07,24.3,6:25,5.9
"		108",서울,2023-09-05,28.5,32.8,14:40,25,7:07,7.8
"		108",서울,2023-09-06,27.9,32.1,15:50,24,6:35,8.1
"		108",서울,2023-09-07,26.3,31.6,15:01,20.9,6:43,10.7
"		108",서울,2023-09-08,25.3,30.5,14:32,19.6,6:22,10.9
"		108",서울,2023-09-09,25.8,31.2,15:55,20.8,6:27,10.4
"		108",서울,2023-09-10,25.7,29.6,14:45,22,6:16,7.6
"		108",서울,2023-09-11,25.5,29.8,15:33,23.1,6:17,6.7
"		108",서울,2023-09-12,25.7,29.8,14:19,21.7,6:42,8.1
"		108",서울,2023-09-13,22.1,24.6,0:01,19.6,21:12,5
"		108",서울,2023-09-14,23.4,27.2,11:48,19.2,6:10,8
"		108",서울,2023-09-15,22.3,24.3,15:44,20.3,7:09,4
"		108",서울,2023-09-16,23.9,26.6,14:42,22,2:33,4.6
"		108",서울,2023-09-17,24.7,28,15:24,22,4:16,6
"		108",서울,2023-09-18,24.7,28.9,12:38,22.1,6:16,6.8
"		108",서울,2023-09-19,24.1,27.2,13:17,21.6,5:55,5.6
"		108",서울,2023-09-20,20.6,23.9,0:01,18.8,23:51,5.1
"		108",서울,2023-09-21,20.1,23.6,14:42,17.5,23:49,6.1
"		108",서울,2023-09-22,20.5,26.7,15:11,15.2,6:26,11.5
"		108",서울,2023-09-23,21.8,27.6,14:18,16.3,6:43,11.3
"		108",서울,2023-09-24,21.8,26.2,14:40,17.9,6:35,8.3
"		108",서울,2023-09-25,21.6,26,13:27,17.9,4:50,8.1
"		108",서울,2023-09-26,19.9,20.8,13:55,18.6,5:10,2.2
"		108",서울,2023-09-27,21.5,23.7,14:33,20,6:32,3.7
"		108",서울,2023-09-28,22.7,27.3,14:22,19.6,6:34,7.7
"		108",서울,2023-09-29,21.1,26.9,14:44,17.4,6:34,9.5
"		108",서울,2023-09-30,19.7,22.2,16:59,17.1,23:59,5.1
"		108",서울,2023-10-01,18.4,23.7,15:11,14.4,6:52,9.3
"		108",서울,2023-10-02,18.2,24.6,15:38,12.9,6:57,11.7
"		108",서울,2023-10-03,17.5,22.5,15:21,14.4,2:50,8.1
"		108",서울,2023-10-04,17.3,23.2,12:57,14.2,6:47,9
"		108",서울,2023-10-05,14.2,19.2,15:56,9.9,6:40,9.3
"		108",서울,2023-10-06,15.5,21.5,14:47,9.6,6:41,11.9
"		108",서울,2023-10-07,16.8,21.2,15:43,11.7,6:30,9.5
"		108",서울,2023-10-08,17.1,19.5,15:55,15.2,5:31,4.3
"		108",서울,2023-10-09,17.4,22.4,15:26,14.1,23:59,8.3
"		108",서울,2023-10-10,17.1,23.5,15:23,11.9,6:17,11.6
"		108",서울,2023-10-11,17.6,24,15:29,12.9,7:19,11.1
"		108",서울,2023-10-12,17.5,24.1,13:25,12,6:42,12.1
"		108",서울,2023-10-13,17.5,21.5,12:36,14.3,6:13,7.2
"		108",서울,2023-10-14,14.7,18.2,15:37,12.9,23:56,5.3
"		108",서울,2023-10-15,16.1,21.2,15:33,10.9,6:36,10.3
"		108",서울,2023-10-16,14.7,19.6,14:03,10.7,23:54,8.9
"		108",서울,2023-10-17,13.8,20.9,15:33,7.5,6:52,13.4
"		108",서울,2023-10-18,15.7,21.6,14:57,9.2,7:06,12.4
"		108",서울,2023-10-19,17,18.9,14:50,14.9,23:54,4
"		108",서울,2023-10-20,11.6,15.1,13:57,7.2,23:52,7.9
"		108",서울,2023-10-21,10.4,16.6,14:46,5.9,4:09,10.7
"		108",서울,2023-10-22,12.5,18.7,14:51,5.4,7:12,13.3
"		108",서울,2023-10-23,15.2,21.4,14:37,11.1,7:01,10.3
"		108",서울,2023-10-24,15.6,19.3,11:56,11.2,5:57,8.1
"		108",서울,2023-10-25,16.6,21.9,14:36,12.7,7:09,9.2
"		108",서울,2023-10-26,17.2,21.1,13:46,14.6,23:37,6.5
"		108",서울,2023-10-27,15.7,20.2,14:57,12.6,23:57,7.6
"		108",서울,2023-10-28,14.2,20.7,14:17,9.4,7:17,11.3
"		108",서울,2023-10-29,14.9,21.8,14:07,9.8,6:56,12
"		108",서울,2023-10-30,15.1,21.9,14:42,9.7,6:57,12.2
"		108",서울,2023-10-31,16.5,20.8,14:27,12.7,2:04,8.1
"		108",서울,2023-11-01,19,20.6,15:04,17.2,4:52,3.4
"		108",서울,2023-11-02,20.8,25.9,14:42,18.7,23:05,7.2
"		108",서울,2023-11-03,19.5,22.4,12:25,17.7,23:41,4.7
"		108",서울,2023-11-04,17.4,20.9,14:59,14.1,7:24,6.8
"		108",서울,2023-11-05,17.3,20.4,19:17,15.1,7:38,5.3
"		108",서울,2023-11-06,13.3,19.3,3:52,6.6,23:33,12.7
"		108",서울,2023-11-07,5.8,9.9,15:04,3.6,8:10,6.3
"		108",서울,2023-11-08,8.4,16.1,15:03,1.8,7:09,14.3
"		108",서울,2023-11-09,11.4,18.4,14:45,5.9,6:42,12.5
"		108",서울,2023-11-10,3.4,9.1,0:01,0.5,23:56,8.6
"		108",서울,2023-11-11,1.7,6.7,15:17,-1.9,7:09,8.6
"		108",서울,2023-11-12,1.2,5.7,15:15,-2,7:30,7.7
"		108",서울,2023-11-13,2,6.7,14:46,-2.2,7:08,8.9
"		108",서울,2023-11-14,5,10.8,15:20,-0.8,7:32,11.6
"		108",서울,2023-11-15,7,12.5,13:26,2,7:06,10.5
"		108",서울,2023-11-16,6.6,7.4,15:25,5.7,23:42,1.7
"		108",서울,2023-11-17,1.6,5.9,0:45,-1.9,23:59,7.8
"		108",서울,2023-11-18,0.6,5.7,15:05,-3.8,7:20,9.5
"		108",서울,2023-11-19,5.9,13.4,14:24,-0.3,1:54,13.7
"		108",서울,2023-11-20,6.2,12.8,15:11,1.8,7:10,11
"		108",서울,2023-11-21,7.4,14.8,15:21,1.4,7:14,13.4
"		108",서울,2023-11-22,9.5,15.1,14:58,2.9,7:04,12.2
"		108",서울,2023-11-23,9.9,14.6,13:49,1.9,23:58,12.7
"		108",서울,2023-11-24,-1.5,2.2,13:53,-4.4,23:56,6.6
"		108",서울,2023-11-25,-1.3,4,14:40,-5.9,7:23,9.9
"		108",서울,2023-11-26,4,7.2,14:49,-0.1,0:32,7.3
"		108",서울,2023-11-27,6.2,9.3,15:53,4.4,4:19,4.9
"		108",서울,2023-11-28,1.3,5.2,0:01,-1.2,23:54,6.4
"		108",서울,2023-11-29,-1.4,3,14:22,-4,23:54,7
"		108",서울,2023-11-30,-4.3,-0.5,14:44,-7.3,7:21,6.8
"		108",서울,2023-12-01,-3.2,0.7,15:44,-6.8,6:46,7.5
"		108",서울,2023-12-02,2,8,15:16,-4.4,3:27,12.4
"		108",서울,2023-12-03,0.8,6,14:30,-2.8,7:00,8.8
"		108",서울,2023-12-04,2.7,9.4,15:32,-3,7:50,12.4
"		108",서울,2023-12-05,6.8,12.6,15:18,3.8,0:01,8.8
"		108",서울,2023-12-06,6.1,8.7,18:48,3.9,3:58,4.8
"		108",서울,2023-12-07,6.6,11.4,14:08,0.8,7:09,10.6
"		108",서울,2023-12-08,11.2,16.8,14:34,5.1,3:33,11.7
"		108",서울,2023-12-09,13.7,16.2,14:13,11.7,23:46,4.5
"		108",서울,2023-12-10,11.4,15.5,14:48,6.7,8:01,8.8
"		108",서울,2023-12-11,8.9,12.3,0:04,5,23:14,7.3
"		108",서울,2023-12-12,5.4,9.3,15:36,3.5,23:34,5.8
"		108",서울,2023-12-13,6.8,10.3,14:59,2.6,4:19,7.7
"		108",서울,2023-12-14,7.6,9.1,1:27,6.2,23:15,2.9
"		108",서울,2023-12-15,4.9,6.2,0:01,3.7,23:59,2.5
"		108",서울,2023-12-16,-4.1,3.8,0:01,-9.9,24:00:00,13.7
"		108",서울,2023-12-17,-9.8,-6.4,14:52,-12.4,7:58,6
"		108",서울,2023-12-18,-7.7,-3.6,13:58,-12.2,5:11,8.6
"		108",서울,2023-12-19,-3.7,0.2,14:02,-8.2,5:48,8.4
"		108",서울,2023-12-20,-7.4,-2.1,0:01,-11.9,23:59,9.8
"		108",서울,2023-12-21,-11.7,-8,15:15,-14.4,7:05,6.4
"		108",서울,2023-12-22,-11.6,-8,14:25,-14.7,7:32,6.7
"		108",서울,2023-12-23,-6.8,-0.9,15:47,-12.7,5:11,11.8
"		108",서울,2023-12-24,-2.2,3,14:40,-5.6,6:22,8.6
"		108",서울,2023-12-25,-0.7,2.1,16:04,-2.7,23:15,4.8
"		108",서울,2023-12-26,1.9,7.2,14:52,-2.6,0:01,9.8
"		108",서울,2023-12-27,1.5,6.8,15:49,-2.8,8:13,9.6
"		108",서울,2023-12-28,1.2,4.4,14:53,-1.7,6:20,6.1
"		108",서울,2023-12-29,1.3,4.6,14:38,-1.5,7:25,6.1
"		108",서울,2023-12-30,0.6,2.1,23:54,-0.9,2:37,3
"		108",서울,2023-12-31,2.1,4.3,15:50,0.6,23:43,3.7
"		108",서울,2024-01-01,3.3,7.3,12:55,-0.3,4:02,7.6
"		108",서울,2024-01-02,2.9,4.3,14:09,2.2,6:22,2.1
"		108",서울,2024-01-03,1.8,4,13:20,-1.1,23:50,5.1
"		108",서울,2024-01-04,1.4,4.7,15:56,-3.3,7:15,8
"		108",서울,2024-01-05,5,9.1,14:39,1.4,23:56,7.7
"		108",서울,2024-01-06,0.7,5.2,14:44,-2.7,8:19,7.9
"		108",서울,2024-01-07,-4.4,-0.9,0:01,-8.3,23:12,7.4
"		108",서울,2024-01-08,-4.7,0,14:41,-10.3,6:19,10.3
"		108",서울,2024-01-09,-0.6,0.4,22:39,-1.9,0:01,2.3
"		108",서울,2024-01-10,-1,3.3,15:42,-4.1,6:32,7.4
"		108",서울,2024-01-11,1.7,4.5,16:07,-2.4,6:18,6.9
"		108",서울,2024-01-12,0.9,4.2,15:46,-1.4,23:51,5.6
"		108",서울,2024-01-13,0.4,6.4,15:19,-3.8,8:00,10.2
"		108",서울,2024-01-14,-0.6,2.4,16:13,-3.3,24:00:00,5.7
"		108",서울,2024-01-15,-3.7,0.9,15:47,-6.9,7:35,7.8
"		108",서울,2024-01-16,-2.1,4.3,15:16,-7.2,8:14,11.5
"		108",서울,2024-01-17,0.6,1.9,21:40,-2.3,1:03,4.2
"		108",서울,2024-01-18,4.5,9.4,16:06,1.4,7:51,8
"		108",서울,2024-01-19,5.4,9,14:36,4,20:51,5
"		108",서울,2024-01-20,3.4,4.9,13:06,1.9,19:14,3
"		108",서울,2024-01-21,1.7,4.3,12:06,-2.4,23:52,6.7
"		108",서울,2024-01-22,-8.7,-2.4,0:01,-11.9,23:49,9.5
"		108",서울,2024-01-23,-11.7,-8.2,15:25,-14,7:29,5.8
"		108",서울,2024-01-24,-8,-3.7,16:00,-11.2,0:36,7.5
"		108",서울,2024-01-25,-5.3,-0.5,15:32,-9.7,6:40,9.2
"		108",서울,2024-01-26,-1.7,4,15:44,-6.9,7:25,10.9
"		108",서울,2024-01-27,-0.5,4.6,15:03,-4.6,8:01,9.2
"		108",서울,2024-01-28,-1.5,3.8,15:24,-5,7:53,8.8
"		108",서울,2024-01-29,-0.4,4.6,14:40,-4.8,7:18,9.4
"		108",서울,2024-01-30,1.4,8.1,15:59,-4,7:38,12.1
"		108",서울,2024-01-31,4.7,10.6,14:47,0.7,0:01,9.9
"		108",서울,2024-02-01,2.4,8.2,15:43,-1.3,7:17,9.5
"		108",서울,2024-02-02,3.1,7.9,13:52,0.7,23:55,7.2
"		108",서울,2024-02-03,4.7,8.3,14:30,-0.2,2:08,8.5
"		108",서울,2024-02-04,7.3,12.2,14:11,3.7,7:04,8.5
"		108",서울,2024-02-05,2.7,6.6,0:01,0.1,21:13,6.5
"		108",서울,2024-02-06,1.2,2.9,12:24,0,1:35,2.9
"		108",서울,2024-02-07,0.6,2.7,14:35,-0.9,7:00,3.6
"		108",서울,2024-02-08,0.6,6.2,15:32,-3,7:16,9.2
"		108",서울,2024-02-09,1.1,6.1,14:28,-2.5,7:31,8.6
"		108",서울,2024-02-10,1.7,7.4,14:37,-1.5,5:42,8.9
"		108",서울,2024-02-11,1,5.5,13:56,-3.1,7:38,8.6
"		108",서울,2024-02-12,3.5,10.5,16:01,-2.9,7:13,13.4
"		108",서울,2024-02-13,8.2,13.7,14:41,2,6:15,11.7
"		108",서울,2024-02-14,12.9,18.3,14:48,8.8,0:01,9.5
"		108",서울,2024-02-15,4.5,11.6,0:01,0.6,23:57,11
"		108",서울,2024-02-16,2.3,8.1,15:40,-1.5,6:43,9.6
"		108",서울,2024-02-17,4.4,11.7,15:25,-1.2,7:45,12.9
"		108",서울,2024-02-18,6.2,9.4,23:57,1.2,7:17,8.2
"		108",서울,2024-02-19,9.1,11.9,10:28,4.2,23:48,7.7
"		108",서울,2024-02-20,4.3,6.8,14:32,2.8,5:06,4
"		108",서울,2024-02-21,1.9,4,1:01,0,23:49,4
"		108",서울,2024-02-22,0.2,1.6,13:25,-1.1,6:53,2.7
"		108",서울,2024-02-23,1.8,6.1,14:58,-1,7:02,7.1
"		108",서울,2024-02-24,2,5.9,14:18,-1.3,6:57,7.2
"		108",서울,2024-02-25,2.8,5.9,15:49,0.8,6:02,5.1
"		108",서울,2024-02-26,3.8,9.7,14:14,-1.2,6:56,10.9
"		108",서울,2024-02-27,5.3,9.8,15:10,1.2,6:07,8.6
"		108",서울,2024-02-28,6.4,10.1,15:09,3.2,7:12,6.9
"		108",서울,2024-02-29,4.8,9.6,15:39,0.3,24:00:00,9.3
"		108",서울,2024-03-01,-4.1,0.3,0:01,-7.1,23:55,7.4
"		108",서울,2024-03-02,-0.5,4.1,23:56,-8.1,2:53,12.2
"		108",서울,2024-03-03,4,7.8,13:35,0.4,7:24,7.4
"		108",서울,2024-03-04,5.4,11.7,15:08,-1.8,7:14,13.5
"		108",서울,2024-03-05,8,11,13:10,5.5,23:57,5.5
"		108",서울,2024-03-06,6.2,10.3,16:13,2.5,6:40,7.8
"		108",서울,2024-03-07,3.9,8.2,12:58,1.2,23:57,7
"		108",서울,2024-03-08,2.1,6.5,13:38,-0.7,4:58,7.2
"		108",서울,2024-03-09,2,7.1,15:46,-2.1,7:26,9.2
"		108",서울,2024-03-10,4.2,10.6,14:55,-1.8,6:54,12.4
"		108",서울,2024-03-11,6.2,10.8,17:11,2,6:09,8.8
"		108",서울,2024-03-12,6.6,10,15:41,4.4,23:44,5.6
"		108",서울,2024-03-13,6.5,12,13:47,1.3,7:11,10.7
"		108",서울,2024-03-14,8.5,15.4,14:42,3.4,6:52,12
"		108",서울,2024-03-15,8.9,14.5,15:33,4,6:45,10.5
"		108",서울,2024-03-16,10.9,18.3,15:15,4.4,6:26,13.9
"		108",서울,2024-03-17,8.8,12.2,14:51,5.4,22:53,6.8
"		108",서울,2024-03-18,7.1,13.2,13:56,1.4,7:11,11.8
"		108",서울,2024-03-19,6.7,9.8,13:18,3.9,24:00:00,5.9
"		108",서울,2024-03-20,4.4,8.7,15:21,1.2,6:43,7.5
"		108",서울,2024-03-21,5,11.5,14:29,-1.2,6:36,12.7
"		108",서울,2024-03-22,10.4,15.2,16:22,3.8,0:31,11.4
"		108",서울,2024-03-23,13,18.2,16:18,9.3,7:18,8.9
"		108",서울,2024-03-24,16.2,23.4,16:26,10.5,2:37,12.9
"		108",서울,2024-03-25,10.6,14.5,0:01,6.7,23:32,7.8
"		108",서울,2024-03-26,7.4,12.4,15:40,3.2,8:00,9.2
"		108",서울,2024-03-27,10.4,16.2,15:22,4.4,6:34,11.8
"		108",서울,2024-03-28,10.3,12.2,16:29,7.8,23:53,4.4
"		108",서울,2024-03-29,7.6,12.3,16:11,5,23:52,7.3
"		108",서울,2024-03-30,8.8,15.6,15:10,3,5:59,12.6
"		108",서울,2024-03-31,10.6,17.7,15:44,3.4,6:10,14.3
"		108",서울,2024-04-01,12.2,19,15:02,5.5,6:13,13.5
"		108",서울,2024-04-02,15.4,23.9,14:22,7,5:49,16.9
"		108",서울,2024-04-03,16.6,19.7,13:48,13.9,1:13,5.8
"		108",서울,2024-04-04,15.5,20.3,13:13,12.4,6:21,7.9
"		108",서울,2024-04-05,14,18.8,14:37,10.2,23:54,8.6
"		108",서울,2024-04-06,12.7,18.9,14:40,8,6:07,10.9
"		108",서울,2024-04-07,14.8,23.4,15:51,7.7,6:18,15.7
"		108",서울,2024-04-08,16.2,22.8,14:32,11,6:04,11.8
"		108",서울,2024-04-09,15.3,20.8,16:01,10.6,7:03,10.2
"		108",서울,2024-04-10,13.8,18.5,14:18,10.2,6:07,8.3
"		108",서울,2024-04-11,15.5,21.1,15:43,11.7,4:22,9.4
"		108",서울,2024-04-12,17.2,24.2,16:06,12,3:24,12.2
"		108",서울,2024-04-13,19.1,27.3,15:47,11.2,6:06,16.1
"		108",서울,2024-04-14,20.8,29.4,14:42,13.6,6:06,15.8
"		108",서울,2024-04-15,16,20,7:31,11.7,21:10,8.3
"		108",서울,2024-04-16,13.3,17.9,16:10,11.5,2:28,6.4
"		108",서울,2024-04-17,15,21.8,15:07,9.7,5:56,12.1
"		108",서울,2024-04-18,17.3,24.9,14:54,10.7,5:47,14.2
"		108",서울,2024-04-19,17.6,24.3,15:18,11.5,6:37,12.8
"		108",서울,2024-04-20,14.9,17.2,9:50,13,21:29,4.2
"		108",서울,2024-04-21,17.2,21.7,12:20,13.3,0:01,8.4
"		108",서울,2024-04-22,18.8,24.1,17:02,15,5:23,9.1
"		108",서울,2024-04-23,17.3,24.2,13:56,13.2,6:03,11
"		108",서울,2024-04-24,13.2,16.5,13:51,11,23:30,5.5
"		108",서울,2024-04-25,14.4,20.8,16:21,10.3,6:02,10.5
"		108",서울,2024-04-26,17.8,26,15:43,11.4,6:03,14.6
"		108",서울,2024-04-27,18.2,26.2,15:25,11.5,6:01,14.7
"		108",서울,2024-04-28,20.7,28.9,15:59,13,5:58,15.9
"		108",서울,2024-04-29,20.9,26.1,14:56,16.9,5:53,9.2
"		108",서울,2024-04-30,18.6,22.5,14:17,16,23:54,6.5
"		108",서울,2024-05-01,18.5,24,15:52,13.9,5:35,10.1
"		108",서울,2024-05-02,18.1,23.7,14:57,12.4,5:46,11.3
"		108",서울,2024-05-03,19.7,27.9,16:18,12.2,5:59,15.7
"		108",서울,2024-05-04,21.4,28.5,14:02,14.6,6:02,13.9
"		108",서울,2024-05-05,17.8,20.6,0:01,15.7,23:51,4.9
"		108",서울,2024-05-06,13.9,15.7,0:01,13.4,18:11,2.3
"		108",서울,2024-05-07,13.3,15,15:52,12.2,23:57,2.8
"		108",서울,2024-05-08,14.7,21.4,16:09,9,5:54,12.4
"		108",서울,2024-05-09,16.1,21.8,15:57,10.9,5:17,10.9
"		108",서울,2024-05-10,17.9,23.8,14:41,12.5,5:34,11.3
"		108",서울,2024-05-11,17,22,12:27,14,22:59,8
"		108",서울,2024-05-12,16.6,21.6,15:18,11.9,5:56,9.7
"		108",서울,2024-05-13,18.3,24.5,14:44,11.9,6:03,12.6
"		108",서울,2024-05-14,18.8,24.7,14:19,12.7,5:59,12
"		108",서울,2024-05-15,12.6,18.8,10:02,7.2,21:29,11.6
"		108",서울,2024-05-16,13.7,19.8,16:13,6.9,6:00,12.9
"		108",서울,2024-05-17,18.3,24.9,14:35,10.8,5:35,14.1
"		108",서울,2024-05-18,20.7,26.5,14:59,16,5:51,10.5
"		108",서울,2024-05-19,21.5,27.9,15:13,15.9,5:34,12
"		108",서울,2024-05-20,19.4,22.8,12:51,16.8,23:47,6
"		108",서울,2024-05-21,21.7,28.3,16:54,16.3,5:53,12
"		108",서울,2024-05-22,20.5,25.5,14:53,16.4,5:33,9.1
"		108",서울,2024-05-23,20.2,26.4,15:54,15.8,6:07,10.6
"		108",서울,2024-05-24,20.1,24.7,17:26,15.7,1:45,9
"		108",서울,2024-05-25,21.4,24.7,12:48,18.7,1:25,6
"		108",서울,2024-05-26,19.9,23.7,11:10,17,23:42,6.7
"		108",서울,2024-05-27,18.5,22.6,15:04,14.1,6:03,8.5
"		108",서울,2024-05-28,20.4,26.1,17:04,14.3,5:34,11.8
"		108",서울,2024-05-29,21.2,26.8,15:02,15.4,5:47,11.4
"		108",서울,2024-05-30,20.7,24.6,15:44,16.2,5:46,8.4
"		108",서울,2024-05-31,20.4,25.4,15:07,16.9,6:03,8.5
"		108",서울,2024-06-01,20.7,25.2,15:20,17.5,5:29,7.7
"		108",서울,2024-06-02,20.4,25.8,15:51,15.7,5:51,10.1
"		108",서울,2024-06-03,22.2,28.7,16:03,15.7,5:20,13
"		108",서울,2024-06-04,22.8,29.3,16:07,16.3,5:27,13
"		108",서울,2024-06-05,23.6,30.1,14:03,18.1,5:17,12
"		108",서울,2024-06-06,24.1,31.4,16:11,19.3,6:02,12.1
"		108",서울,2024-06-07,23.1,28,15:38,18.3,5:44,9.7
"		108",서울,2024-06-08,20.3,25,17:30,17.9,4:48,7.1
"		108",서울,2024-06-09,22.9,28.8,14:56,17.4,5:55,11.4
"		108",서울,2024-06-10,24.7,31.1,15:09,19,5:31,12.1
"		108",서울,2024-06-11,25.4,31.6,15:42,21.7,23:59,9.9
"		108",서울,2024-06-12,24.8,31.8,14:23,19.2,5:17,12.6
"		108",서울,2024-06-13,26.4,32.8,15:44,20,5:04,12.8
"		108",서울,2024-06-14,26.3,33,14:25,21.4,5:32,11.6
"		108",서울,2024-06-15,24.2,28.2,16:29,21.8,4:45,6.4
"		108",서울,2024-06-16,24.3,29.5,14:48,19.9,5:35,9.6
"		108",서울,2024-06-17,24.8,30.2,14:48,18.9,5:27,11.3
"		108",서울,2024-06-18,26,32.9,15:09,20.4,5:44,12.5
"		108",서울,2024-06-19,28.8,35.8,16:23,21.4,5:09,14.4
"		108",서울,2024-06-20,29.4,35.4,13:48,23.4,5:18,12
"		108",서울,2024-06-21,28.1,33.9,13:04,22.9,5:13,11
"		108",서울,2024-06-22,24.2,26.1,8:33,22.6,12:48,3.5
"		108",서울,2024-06-23,25.1,30.1,14:02,22.5,3:33,7.6
"		108",서울,2024-06-24,24.3,27.9,13:08,21.2,23:53,6.7
"		108",서울,2024-06-25,22.9,27.2,14:31,19.1,5:59,8.1
"		108",서울,2024-06-26,24.9,31.6,16:40,18.9,6:08,12.7
"		108",서울,2024-06-27,26.3,31.6,13:00,20.6,5:37,11
"		108",서울,2024-06-28,26.6,32.5,14:49,21.3,5:36,11.2
"		108",서울,2024-06-29,26.7,32.3,14:08,21.6,5:29,10.7
"		108",서울,2024-06-30,23.5,24.9,16:40,22,9:47,2.9
"		108",서울,2024-07-01,26.3,31.3,15:37,22,5:06,9.3
"		108",서울,2024-07-02,23.2,25.2,0:01,21.9,12:14,3.3
"		108",서울,2024-07-03,24.7,25.9,11:52,23.6,7:35,2.3
"		108",서울,2024-07-04,26.8,30.6,14:59,23.2,6:20,7.4
"		108",서울,2024-07-05,23.4,26.1,16:55,21.3,5:10,4.8
"		108",서울,2024-07-06,25.1,30,14:20,22.1,5:42,7.9
"		108",서울,2024-07-07,24.4,28.2,13:27,21.5,5:14,6.7
"		108",서울,2024-07-08,23.8,24.5,15:35,23.1,20:32,1.4
"		108",서울,2024-07-09,24.5,26.7,13:17,22.7,5:13,4
"		108",서울,2024-07-10,26.6,31.1,13:26,22.7,5:17,8.4
"		108",서울,2024-07-11,25.7,28.9,15:31,23.3,23:54,5.6
"		108",서울,2024-07-12,25.6,30.2,16:19,21.8,5:50,8.4
"		108",서울,2024-07-13,28.1,33.3,15:44,23.5,5:50,9.8
"		108",서울,2024-07-14,28.4,32.1,16:54,24.9,6:54,7.2
"		108",서울,2024-07-15,28.4,31.3,16:33,24.5,5:24,6.8
"		108",서울,2024-07-16,27,30.7,12:27,24.6,23:46,6.1
"		108",서울,2024-07-17,25.4,28.1,13:45,24.1,3:55,4
"		108",서울,2024-07-18,24.3,25.6,0:01,23.1,8:13,2.5
"		108",서울,2024-07-19,27,30.8,14:54,24.2,4:40,6.6
"		108",서울,2024-07-20,27.2,30.6,15:47,25.1,4:43,5.5
"		108",서울,2024-07-21,26.5,29.8,18:08,22.5,4:51,7.3
"		108",서울,2024-07-22,26.6,27.9,0:01,24.3,11:04,3.6
"		108",서울,2024-07-23,26.4,27.3,15:17,25.8,4:54,1.5
"		108",서울,2024-07-24,28.1,30.9,13:55,26,5:46,4.9
"		108",서울,2024-07-25,28.8,32.2,15:51,25.4,23:56,6.8
"		108",서울,2024-07-26,28.7,32.7,15:37,25.2,1:37,7.5
"		108",서울,2024-07-27,28.9,31.7,12:44,27.5,5:46,4.2
"		108",서울,2024-07-28,29.2,32.2,14:27,27.3,4:45,4.9
"		108",서울,2024-07-29,27.4,27.8,0:01,26.8,23:56,1
"		108",서울,2024-07-30,28.6,31.9,14:41,26.3,4:59,5.6
"		108",서울,2024-07-31,29.4,33.3,15:40,27,3:21,6.3
"		108",서울,2024-08-01,29.9,33.2,15:20,27.3,4:42,5.9
"		108",서울,2024-08-02,29.6,32.5,16:08,28.2,5:49,4.3
"		108",서울,2024-08-03,30.2,34.2,15:28,27.2,4:25,7
"		108",서울,2024-08-04,31.8,36.2,14:48,27.3,5:42,8.9
"		108",서울,2024-08-05,30,33.7,15:22,26.9,23:58,6.8
"		108",서울,2024-08-06,29.5,33.5,15:46,25.6,5:39,7.9
"		108",서울,2024-08-07,29.6,33.4,16:02,27.2,5:36,6.2
"		108",서울,2024-08-08,28.5,31.6,17:08,26.9,23:53,4.7
"		108",서울,2024-08-09,29.3,33.6,14:20,25.6,4:42,8
"		108",서울,2024-08-10,30,33.6,13:35,26.4,5:30,7.2
"		108",서울,2024-08-11,30.8,34.4,15:21,27.8,5:58,6.6
"		108",서울,2024-08-12,31.1,34.1,15:12,28.2,6:08,5.9
"		108",서울,2024-08-13,31.3,36.4,15:01,28.1,5:20,8.3
"		108",서울,2024-08-14,30,34.9,14:38,27.3,20:02,7.6
"		108",서울,2024-08-15,29.2,34.6,15:41,26.7,5:46,7.9
"		108",서울,2024-08-16,29.8,34.3,13:40,26.8,4:18,7.5
"		108",서울,2024-08-17,29.8,34,15:14,27.2,5:59,6.8
"		108",서울,2024-08-18,29.5,33.9,12:53,27,5:25,6.9
"		108",서울,2024-08-19,29.7,35.3,13:55,26.3,6:07,9
"		108",서울,2024-08-20,31.4,35.4,15:19,27,3:31,8.4
"		108",서울,2024-08-21,28.4,30.8,0:01,26.9,6:53,3.9
"		108",서울,2024-08-22,28.6,30.3,12:51,27.1,22:11,3.2
"		108",서울,2024-08-23,28.4,31.8,14:18,26.4,5:50,5.4
"		108",서울,2024-08-24,27.6,30.9,16:28,25.1,6:12,5.8
"		108",서울,2024-08-25,28.5,32.7,15:58,24.9,6:12,7.8
"		108",서울,2024-08-26,28.1,30.6,15:09,25.6,5:54,5
"		108",서울,2024-08-27,26.5,30.3,16:38,24.6,9:53,5.7
"		108",서울,2024-08-28,28.2,33.2,16:23,23,5:59,10.2
"		108",서울,2024-08-29,28.4,33.5,14:16,23.4,6:24,10.1
"		108",서울,2024-08-30,28,32.9,14:15,23.7,6:04,9.2
"		108",서울,2024-08-31,27.6,33,15:53,22.6,6:39,10.4
"		108",서울,2024-09-01,27.1,31.6,14:58,24.6,5:57,7
"		108",서울,2024-09-02,24.5,26.9,17:01,22.2,7:09,4.7
"		108",서울,2024-09-03,27,32,14:53,23.2,6:25,8.8
"		108",서울,2024-09-04,27.9,33.3,15:59,23.2,5:57,10.1
"		108",서울,2024-09-05,26.3,28.8,10:30,25.6,19:03,3.2
"		108",서울,2024-09-06,24,25.7,0:01,23.3,12:11,2.4
"		108",서울,2024-09-07,26.5,31.3,14:32,22.8,6:21,8.5
"		108",서울,2024-09-08,27.2,32.8,15:28,22.6,6:35,10.2
"		108",서울,2024-09-09,28.5,34.1,14:45,24.1,4:20,10
"		108",서울,2024-09-10,29.4,33.9,15:35,25.6,6:00,8.3
"		108",서울,2024-09-11,29,34.6,12:40,25.4,6:18,9.2
"		108",서울,2024-09-12,25.4,27.1,0:01,24.8,21:21,2.3
"		108",서울,2024-09-13,25.9,28,12:43,24.2,4:13,3.8
"		108",서울,2024-09-14,28,32.2,16:30,25.2,6:57,7
"		108",서울,2024-09-15,27.5,32.4,15:20,24.2,23:46,8.2
"		108",서울,2024-09-16,26.8,32.2,14:53,21.3,7:38,10.9
"		108",서울,2024-09-17,28.6,33.2,15:07,25.8,5:56,7.4
"		108",서울,2024-09-18,29.4,33.6,14:45,26.5,4:34,7.1
"		108",서울,2024-09-19,29.1,32.6,15:15,25.6,6:32,7
"		108",서울,2024-09-20,25,28.6,0:01,17.9,23:45,10.7
"		108",서울,2024-09-21,19.3,21.9,15:28,17.1,7:49,4.8
"		108",서울,2024-09-22,21,26.7,15:20,16.9,5:23,9.8
"		108",서울,2024-09-23,20.8,26.1,15:44,16.6,6:03,9.5
"		108",서울,2024-09-24,21,26.9,15:35,15.6,6:38,11.3
"		108",서울,2024-09-25,23.3,27.3,14:24,18.6,3:12,8.7
"		108",서울,2024-09-26,23.6,28,15:05,21.1,6:45,6.9
"		108",서울,2024-09-27,22.7,28,15:34,19.1,6:43,8.9
"		108",서울,2024-09-28,23.2,27.9,13:59,19.2,6:13,8.7
"		108",서울,2024-09-29,23.5,29,14:46,19.1,6:22,9.9
"		108",서울,2024-09-30,23,28.5,15:32,18.3,6:22,10.2
"		108",서울,2024-10-01,18.3,21.7,0:01,13.3,24:00:00,8.4
"		108",서울,2024-10-02,14.9,19.9,15:36,11.6,6:49,8.3
"		108",서울,2024-10-03,16.4,22.5,13:07,10.8,6:18,11.7
"		108",서울,2024-10-04,17.6,24.2,14:54,11.9,6:42,12.3
"		108",서울,2024-10-05,17.5,24.4,15:10,11.6,6:01,12.8
"		108",서울,2024-10-06,15.4,17.9,15:00,12.3,5:46,5.6
"		108",서울,2024-10-07,16.9,20.7,13:12,14,6:52,6.7
"		108",서울,2024-10-08,17.7,23.9,15:05,12.7,7:10,11.2
"		108",서울,2024-10-09,18.8,24.4,14:02,13.9,6:29,10.5
"		108",서울,2024-10-10,18.8,24.1,15:47,15.3,6:11,8.8
"		108",서울,2024-10-11,18.6,24.4,14:51,13.9,7:02,10.5
"		108",서울,2024-10-12,18.3,24.7,15:35,13.4,6:57,11.3
"		108",서울,2024-10-13,18.3,22.6,15:35,12.6,6:25,10
"		108",서울,2024-10-14,19.3,21.5,14:44,17.6,3:09,3.9
"		108",서울,2024-10-15,19.2,21.9,15:11,17.6,6:12,4.3
"		108",서울,2024-10-16,18.2,24.2,14:49,14.4,6:28,9.8
"		108",서울,2024-10-17,19,25.7,15:12,13.8,4:02,11.9
"		108",서울,2024-10-18,17.4,18.8,9:30,16.2,19:55,2.6
"		108",서울,2024-10-19,16.6,21.1,11:51,12.4,23:41,8.7
"		108",서울,2024-10-20,13.4,17.8,14:21,10.5,7:09,7.3
"		108",서울,2024-10-21,14.8,19.3,15:13,9.7,2:33,9.6
"		108",서울,2024-10-22,15.5,16.6,21:55,14.9,6:44,1.7
"		108",서울,2024-10-23,12.7,15.5,13:41,9.4,23:56,6.1
"		108",서울,2024-10-24,12.5,18.4,15:01,7.1,6:50,11.3
"		108",서울,2024-10-25,14.9,21.5,14:16,8.7,7:01,12.8
"		108",서울,2024-10-26,17,24,15:52,10.7,6:44,13.3
"		108",서울,2024-10-27,16,18.8,13:14,14,24:00:00,4.8
"		108",서울,2024-10-28,15.7,20.4,15:04,12.3,4:16,8.1
"		108",서울,2024-10-29,15,18.3,15:29,13.4,5:04,4.9
"		108",서울,2024-10-30,15.7,21.4,14:05,11.4,7:09,10
"		108",서울,2024-10-31,15.9,22.6,14:55,11,7:14,11.6
"		108",서울,2024-11-01,15.3,18.7,14:54,12.9,3:21,5.8
"		108",서울,2024-11-02,18.1,25.1,15:10,13,6:58,12.1
"		108",서울,2024-11-03,17.6,23.5,13:47,13,6:55,10.5
"		108",서울,2024-11-04,14.8,18.3,12:28,8.9,23:54,9.4
"		108",서울,2024-11-05,9.1,14.7,14:23,5.6,7:37,9.1
"		108",서울,2024-11-06,7.5,12.5,14:30,4.1,6:28,8.4
"		108",서울,2024-11-07,7.8,15.7,15:15,1.6,7:07,14.1
"		108",서울,2024-11-08,10.2,18.1,15:01,3.1,6:29,15
"		108",서울,2024-11-09,12.9,20.3,14:36,6.8,6:07,13.5
"		108",서울,2024-11-10,14.4,21,15:20,10.3,5:36,10.7
"		108",서울,2024-11-11,14.6,21.8,14:30,9.7,7:43,12.1
"		108",서울,2024-11-12,14.3,19.2,15:20,11,23:59,8.2
"		108",서울,2024-11-13,14.2,21.3,14:33,8.3,7:11,13
"		108",서울,2024-11-14,14.8,16.8,14:34,13.2,4:19,3.6
"		108",서울,2024-11-15,17,21.5,15:50,13.7,1:09,7.8
"		108",서울,2024-11-16,17,22.6,13:16,14.4,23:58,8.2
"		108",서울,2024-11-17,7,14.4,0:01,2.1,24:00:00,12.3
"		108",서울,2024-11-18,2.8,7.9,14:56,-0.7,7:21,8.6
"		108",서울,2024-11-19,5.7,11.3,14:18,0.3,0:01,11
"		108",서울,2024-11-20,6.5,9.6,12:06,2.4,4:45,7.2
"		108",서울,2024-11-21,9.7,14.1,13:19,6,6:31,8.1
"		108",서울,2024-11-22,6.2,10.6,14:51,3.3,8:01,7.3
"		108",서울,2024-11-23,6.4,12.6,14:25,1.5,7:11,11.1
"		108",서울,2024-11-24,7.4,14.2,15:29,2.6,7:29,11.6
"		108",서울,2024-11-25,10.1,15.4,14:12,3.6,4:59,11.8
"		108",서울,2024-11-26,5.8,12.7,0:01,1,23:48,11.7
"		108",서울,2024-11-27,-0.4,1.2,0:48,-1.3,7:42,2.5
"		108",서울,2024-11-28,0.8,3.4,13:07,-1.7,23:47,5.1
"		108",서울,2024-11-29,0.2,3.4,13:06,-3.4,7:09,6.8
"		108",서울,2024-11-30,2.5,5.6,14:46,-0.5,6:37,6.1
"		108",서울,2024-12-01,5.2,8.2,14:11,1.6,4:44,6.6
"		108",서울,2024-12-02,6.4,13,14:03,0.6,23:59,12.4
"		108",서울,2024-12-03,1.3,5.2,14:38,-2.4,7:40,7.6
"		108",서울,2024-12-04,3.1,6.9,14:47,-0.6,8:08,7.5
"		108",서울,2024-12-05,3.9,8.8,13:39,-0.1,6:53,8.9
"		108",서울,2024-12-06,2.1,5.2,12:59,-0.4,23:52,5.6
"		108",서울,2024-12-07,0.2,4.6,13:43,-2.5,6:40,7.1
"		108",서울,2024-12-08,-0.2,4.1,14:51,-3.9,6:44,8
"		108",서울,2024-12-09,1,7.4,14:20,-3.8,6:22,11.2
"		108",서울,2024-12-10,2.6,6.9,15:13,-1.9,7:54,8.8
"		108",서울,2024-12-11,3,8.2,14:50,0.2,23:57,8
"		108",서울,2024-12-12,0.5,5.4,13:31,-3.2,7:19,8.6
"		108",서울,2024-12-13,1,4.5,14:39,-1.5,23:50,6
"		108",서울,2024-12-14,-0.8,2.5,15:25,-3.6,7:49,6.1
"		108",서울,2024-12-15,1.2,5.4,13:15,-2.2,23:55,7.6
"		108",서울,2024-12-16,-0.2,3.9,12:38,-3.3,5:48,7.2
"		108",서울,2024-12-17,-0.8,3.8,15:48,-3.5,23:53,7.3
"		108",서울,2024-12-18,-3.4,0.9,15:20,-6.2,7:39,7.1
"		108",서울,2024-12-19,-1.4,4.9,14:51,-6.7,7:52,11.6
"		108",서울,2024-12-20,1.4,5.3,14:25,-2.1,4:36,7.4
"		108",서울,2024-12-21,-0.7,1.9,4:53,-4.7,23:35,6.6
"		108",서울,2024-12-22,-3.4,1,15:40,-7.7,8:06,8.7
"		108",서울,2024-12-23,0.3,6.7,14:42,-5,7:06,11.7
"		108",서울,2024-12-24,-0.4,5.1,15:24,-4.3,7:25,9.4
"		108",서울,2024-12-25,2.7,6.5,14:24,-1.1,4:49,7.6
"		108",서울,2024-12-26,0.1,4.2,0:01,-4.8,23:56,9
"		108",서울,2024-12-27,-2.6,1.8,14:03,-5.9,7:36,7.7
"		108",서울,2024-12-28,-3,1.1,15:08,-6.7,8:21,7.8
"		108",서울,2024-12-29,1.1,6.1,14:17,-4.2,8:08,10.3
"		108",서울,2024-12-30,5.5,10.1,12:34,1.9,0:26,8.2
"		108",서울,2024-12-31,0.6,4.9,0:04,-2,8:21,6.9
"		",,,,,,,,
"	",,,,,,,,
"	",,,,,,,,
"	",,,,,,,,
"	",,,,,,,,
"		",,,,,,,,
"	",,,,,,,,
"	",,,,,,,,
