지점번호,지점명,일시,일조합(hr),일조율(%),일사합(MJ/m2),평균기온(℃),최고기온(℃),최고기온시각,최저기온(℃),최저기온시각일교차,Unnamed: 8,평균습도(%rh),최저습도(%rh)
108,서울,2023-01-01,9,94.7,10.81,-0.2,3.8,13:43,-4.3,23:50,8.1,55,28.2
108,서울,2023-01-02,9.1,95.8,11.63,-4.5,-0.4,15:25,-7.4,8:04,7,46,31.9
108,서울,2023-01-03,9.1,95.8,11.77,-5,0.6,15:55,-9,5:51,9.6,49,27
108,서울,2023-01-04,8.7,91.6,10.89,-1.8,3.3,15:10,-5.7,2:29,9,51,33.7
108,서울,2023-01-05,4.7,48.5,6.09,-1.6,3.6,15:36,-5.6,7:49,9.2,58.1,39
108,서울,2023-01-06,7.1,73.2,8.78,0.6,5.7,14:14,-4.7,8:16,10.4,71.9,48
108,서울,2023-01-07,1,10.3,4.78,1.5,3.8,13:36,-1.4,23:54,5.2,80.9,64
108,서울,2023-01-08,7.1,73.2,9.37,1.3,6.3,15:22,-3.7,8:00,10,69.3,46
108,서울,2023-01-09,7.8,80.4,10.53,3.1,7,12:38,-1.3,24:00:00,8.3,60.1,43
108,서울,2023-01-10,8.8,89.8,11.33,1.6,9.1,15:30,-3.9,7:24,13,59.9,39
108,서울,2023-01-11,8.8,89.8,10.86,2.6,9.2,14:10,-2,8:02,11.2,61.9,30
108,서울,2023-01-12,9,91.8,10.88,5.9,12.5,16:00,-0.6,6:45,13.1,46.6,25
108,서울,2023-01-13,0,0,1.11,8.3,10.1,16:28,5.1,2:25,5,99.1,47
108,서울,2023-01-14,0,0,1.84,6.6,8.4,0:01,3.8,23:28,4.6,92.9,82
108,서울,2023-01-15,0,0,1.32,-0.2,3.8,0:01,-3.5,23:38,7.3,93.9,84
108,서울,2023-01-16,8.8,88.9,12.95,-4.6,-1.2,14:32,-6.8,8:49,5.6,63.1,42
108,서울,2023-01-17,0.2,2,5.27,-3.7,-0.4,14:02,-7,3:11,6.6,65.1,46
108,서울,2023-01-18,8.9,89.9,12.71,-1.9,2.2,14:52,-4.6,8:15,6.8,60.5,27
108,서울,2023-01-19,3.1,31.3,7.63,-0.4,4.3,14:19,-6,6:01,10.3,69.3,47
108,서울,2023-01-20,8.7,87,13.49,-3.3,2,2:22,-7.7,23:53,9.7,52.4,30
108,서울,2023-01-21,8.5,85,12.37,-4.5,1.5,15:22,-10.5,7:13,12,55.4,36
108,서울,2023-01-22,0.3,3,4.41,-0.6,2.6,15:33,-2.8,1:17,5.4,62.8,53
108,서울,2023-01-23,7.3,73,10.15,-0.8,4.6,13:45,-6.9,23:54,11.5,66.6,46
108,서울,2023-01-24,9.4,93.1,14.08,-14.7,-6.9,0:01,-17,23:54,10.1,51.9,39
108,서울,2023-01-25,9.4,93.1,14.08,-11.3,-5.4,16:20,-17.3,1:44,11.9,45.1,27
108,서울,2023-01-26,0,0,4.51,-6,-3.5,15:59,-9,5:02,5.5,80.1,52
108,서울,2023-01-27,9.4,92.2,14.1,-7.3,-3.8,15:48,-9.6,23:33,5.8,56.5,35
108,서울,2023-01-28,9,88.2,12.58,-6,-0.6,15:54,-11.2,8:13,10.6,54.9,39
108,서울,2023-01-29,5.2,51,9.79,-1.8,4.9,14:26,-8,6:07,12.9,58.3,49
108,서울,2023-01-30,9.5,92.2,14.17,-0.9,4.2,15:15,-4.4,4:49,8.6,55.9,31
108,서울,2023-01-31,3,29.1,6.5,2.4,7.8,15:30,-3.5,4:02,11.3,69.1,48
108,서울,2023-02-01,8.9,86.4,13.24,0.9,6,0:01,-3,24:00:00,9,68.4,37
108,서울,2023-02-02,7.6,73.8,10.94,-2.4,1.4,16:06,-5.1,7:19,6.5,50.3,36
108,서울,2023-02-03,8.6,82.7,13.54,-1.6,3.4,15:40,-3.9,1:18,7.3,47.4,22
108,서울,2023-02-04,8.2,78.8,13.23,-0.2,6,15:28,-5.2,5:35,11.2,49.8,33
108,서울,2023-02-05,7,66.7,11.35,1.7,7.1,13:38,-3.3,7:26,10.4,71,49
108,서울,2023-02-06,7.1,67.6,10.69,3,8.8,14:58,-1.7,7:16,10.5,72.3,50
108,서울,2023-02-07,6.4,61,10.12,3.5,9.5,15:46,-0.6,7:27,10.1,72.9,50
108,서울,2023-02-08,9.5,89.6,14.82,2.1,7.8,15:05,-1.3,6:45,9.1,62.1,31
108,서울,2023-02-09,6.7,63.2,12.36,4,9.9,15:37,-2.8,5:09,12.7,49.9,32
108,서울,2023-02-10,2,18.9,7.07,3.8,6.2,16:10,1.1,23:56,5.1,79.6,69
108,서울,2023-02-11,5.5,51.4,10.9,2.8,8.5,14:17,-1.2,7:03,9.7,73,50
108,서울,2023-02-12,2,18.7,8.48,3.7,7.6,13:51,-0.9,6:24,8.5,70,54
108,서울,2023-02-13,0.8,7.5,5.44,5.9,8.4,12:19,2.7,23:51,5.7,66.5,56
108,서울,2023-02-14,9.5,88,15.95,1.7,6.6,15:21,-2.5,7:30,9.1,54.9,38
108,서울,2023-02-15,9.4,87,15.24,3.2,8.9,15:58,-1.2,7:06,10.1,46.4,33
108,서울,2023-02-16,1.9,17.4,6.45,2.3,4.5,14:59,-0.7,23:53,5.2,68.3,51
108,서울,2023-02-17,7.5,68.8,13.67,3.4,9.8,15:42,-1.5,5:43,11.3,67.8,40
108,서울,2023-02-18,0,0,2.91,5.7,8.1,15:29,3,0:06,5.1,58.3,45
108,서울,2023-02-19,7,63.6,14.47,3.5,6.1,14:57,0.2,23:41,5.9,56.1,29
108,서울,2023-02-20,9.5,86.4,18.16,-0.5,2.4,14:19,-3.5,23:57,5.9,46.4,27
108,서울,2023-02-21,10,90.9,18.25,-1.3,4.8,16:18,-5.3,7:59,10.1,42.4,23
108,서울,2023-02-22,9.2,82.9,17,1.2,8.4,14:52,-4.5,7:12,12.9,50.6,21
108,서울,2023-02-23,10,90.1,15.87,2.9,9.2,15:31,-1.8,6:29,11,65.5,36
108,서울,2023-02-24,9.8,87.5,17.42,3.5,8.5,15:01,-0.4,24:00:00,8.9,57.9,25
108,서울,2023-02-25,10.2,91.1,18.6,0.7,5.7,15:27,-2.9,7:27,8.6,44,27
108,서울,2023-02-26,10.4,92.9,18.83,2.2,9.4,15:34,-3.4,7:29,12.8,46.6,25
108,서울,2023-02-27,10.5,92.9,18.65,4.4,12.4,15:01,-1.8,6:46,14.2,47.4,24
108,서울,2023-02-28,3,26.5,10.26,4.3,8.7,15:53,-0.7,7:19,9.4,63.4,44
108,서울,2023-03-01,4.1,36.3,10.19,6,9,15:25,2.9,23:55,6.1,54.4,27
108,서울,2023-03-02,10.5,92.1,19.45,2.2,6.6,15:41,-1.8,7:36,8.4,37.8,22
108,서울,2023-03-03,7.5,65.8,15.67,4.6,10.4,14:45,-1.9,7:08,12.3,65,48
108,서울,2023-03-04,8.7,75.7,14.91,7.7,14.1,15:13,3.7,8:00,10.4,68.4,35
108,서울,2023-03-05,10.1,87.8,17.21,8,15.4,14:15,2.5,7:02,12.9,54,24
108,서울,2023-03-06,10,87,18.63,9.2,16.5,14:55,2.2,7:01,14.3,41.9,18
108,서울,2023-03-07,7,60.3,15.35,11.7,19.4,14:43,6.3,6:45,13.1,60.9,40
108,서울,2023-03-08,1.8,15.5,8.39,12.5,17.7,12:37,7.4,5:59,10.3,66.3,41
108,서울,2023-03-09,2,17.1,6.52,10.3,13.1,0:01,7.4,23:16,5.7,85.9,71
108,서울,2023-03-10,9.6,82.1,17.03,13.5,22.2,15:28,6.2,4:56,16,62.1,27
108,서울,2023-03-11,7.6,64.4,16.95,15.2,22.8,14:28,10.2,6:59,12.6,52,20
108,서울,2023-03-12,0.8,6.8,3.68,5.9,12.6,0:01,0.6,23:55,12,68,40
108,서울,2023-03-13,9.8,83.1,20.79,2.9,7.6,14:44,-1.9,6:51,9.5,38.9,22
108,서울,2023-03-14,9.1,76.5,19.73,9.2,15.4,15:33,3.3,3:31,12.1,45.9,23
108,서울,2023-03-15,1.2,10.1,5.62,8.6,14.4,12:15,3.5,24:00:00,10.9,66.6,33
108,서울,2023-03-16,6.7,55.8,18.09,4.6,9,13:49,0.4,5:09,8.6,36.8,19
108,서울,2023-03-17,4.4,36.7,13.94,7.2,12.7,15:43,0.7,6:52,12,34.3,20
108,서울,2023-03-18,9.9,82.5,19.07,7.7,14,15:32,2.5,6:29,11.5,46.4,22
108,서울,2023-03-19,11.1,91.7,21.25,8.3,15.2,15:39,2.3,7:07,12.9,59.6,29
108,서울,2023-03-20,10,82.6,20.06,9.5,17.1,14:43,2.6,7:04,14.5,50.4,23
108,서울,2023-03-21,10.8,88.5,21.6,13,22.2,16:27,5,6:46,17.2,35.1,13
108,서울,2023-03-22,6.2,50.8,16.64,17,25.1,14:25,9.2,5:32,15.9,44.8,28
108,서울,2023-03-23,5.3,43.4,14.5,17.4,23.3,15:37,12.3,23:58,11,48.9,31
108,서울,2023-03-24,6.6,53.7,16.13,12.5,18.3,15:17,7.6,6:33,10.7,36.8,27
108,서울,2023-03-25,5.7,46.3,15.13,12.5,18.7,15:11,8,6:35,10.7,59.9,41
108,서울,2023-03-26,11.1,89.5,24.36,9.4,14,15:07,4.7,23:56,9.3,34,16
108,서울,2023-03-27,11.1,89.5,22.88,7.3,14.5,15:03,1.9,6:15,12.6,44.8,21
108,서울,2023-03-28,7.4,59.7,18.44,9.2,15.7,15:27,2.8,6:24,12.9,53.3,22
108,서울,2023-03-29,11,88,21.79,11.8,19.7,15:08,5.1,5:49,14.6,50.3,20
108,서울,2023-03-30,11.5,92,23.58,13.3,21.2,16:04,6.4,6:44,14.8,42.5,21
108,서울,2023-03-31,11.2,88.9,22.99,15,23.9,15:37,7.5,6:55,16.4,42.5,23
108,서울,2023-04-01,10.8,85.7,21.48,17.5,25.6,15:25,9.4,6:46,16.2,40.4,19
108,서울,2023-04-02,11.7,92.9,24.08,18.8,25.2,15:05,11.9,6:17,13.3,29.6,16
108,서울,2023-04-03,11,86.6,22.95,19,25.9,16:08,11.3,6:36,14.6,29.4,16
108,서울,2023-04-04,1.6,12.6,10.78,17.6,21.7,14:02,12.7,23:52,9,40.4,16
108,서울,2023-04-05,0,0,1.56,11.9,14.9,13:01,8.7,22:18,6.2,97.8,90
108,서울,2023-04-06,0,0,2.15,8.8,9.7,13:12,7.4,23:55,2.3,94.6,84
108,서울,2023-04-07,10.4,81.3,23.34,8.9,15.7,14:04,4.6,23:39,11.1,65,36
108,서울,2023-04-08,11.9,92.2,25.74,8.8,14.9,15:15,3.1,5:18,11.8,51.1,25
108,서울,2023-04-09,12,93,25.54,10.8,17.8,14:31,3.5,6:24,14.3,56.8,33
108,서울,2023-04-10,10.1,78.3,22.29,13.2,19.1,14:02,6.2,5:26,12.9,50.8,31
108,서울,2023-04-11,0,0,2.01,13.1,17.4,9:28,9.2,23:56,8.2,73.4,43
108,서울,2023-04-12,10.7,82.3,24.87,10.1,15.3,15:20,4.8,6:24,10.5,45.1,17
108,서울,2023-04-13,4.4,33.6,16.17,11.9,17.2,15:12,5.1,6:11,12.1,45,18
108,서울,2023-04-14,3.3,25.2,14.25,16.2,21.3,15:15,11.9,0:30,9.4,58.6,39
108,서울,2023-04-15,2.3,17.4,9.5,13.5,16.6,15:37,9.3,23:59,7.3,81.8,63
108,서울,2023-04-16,3.2,24.2,14.45,10.8,16.1,16:21,7.5,5:29,8.6,71.4,38
108,서울,2023-04-17,6.1,46.2,17.76,13.1,18.1,15:51,6.8,5:41,11.3,59,36
108,서울,2023-04-18,3.6,27.1,10.85,14,18.4,17:26,10.7,8:03,7.7,78.6,46
108,서울,2023-04-19,12.3,92.5,27.82,19.1,28.4,16:28,11.5,5:52,16.9,66.1,25
108,서울,2023-04-20,0,0,4.12,15.8,18.9,0:01,14.5,22:56,4.4,92.1,81
108,서울,2023-04-21,7.8,58.2,21.05,16.7,22.8,15:06,11.4,6:21,11.4,50.4,18
108,서울,2023-04-22,5.6,41.8,21.2,16.9,22.5,15:29,12.2,5:59,10.3,22.9,14
108,서울,2023-04-23,4.4,32.8,19.47,16.1,22.1,13:47,10.7,5:57,11.4,34.1,19
108,서울,2023-04-24,7.8,57.8,20.31,15.8,21.3,14:31,11.5,23:49,9.8,40.5,30
108,서울,2023-04-25,0,0,5.22,10.9,13.2,10:07,9,22:44,4.2,68.6,45
108,서울,2023-04-26,4.1,30.1,15.52,10.2,13.5,15:08,7.4,23:50,6.1,69.9,47
108,서울,2023-04-27,12.2,89.7,26.55,12.9,20,15:26,5.1,6:10,14.9,61.6,26
108,서울,2023-04-28,8.4,61.8,21.25,15.7,21.3,14:44,9,6:13,12.3,62,26
108,서울,2023-04-29,0.8,5.8,6.04,13.2,15.8,7:55,9.9,21:44,5.9,88.1,68
108,서울,2023-04-30,5.8,42.3,19.71,12.7,17.9,15:07,7.9,4:30,10,72.9,39
108,서울,2023-05-01,11.4,83.2,26.8,14.6,20.8,16:23,9.8,5:58,11,57,27
108,서울,2023-05-02,8.2,59.4,21.58,16.7,23.7,15:52,9.1,5:23,14.6,40.5,21
108,서울,2023-05-03,10.4,75.4,26.2,19.5,26.2,15:09,12.4,6:26,13.8,52.5,23
108,서울,2023-05-04,2.5,18.1,16.89,21.4,25.8,14:35,15.6,5:47,10.2,65.5,50
108,서울,2023-05-05,0,0,1.74,18.4,21.6,0:01,15.5,23:58,6.1,95.3,61
108,서울,2023-05-06,0,0,5.42,12.6,15.5,0:01,11.7,8:38,3.8,85.6,56
108,서울,2023-05-07,2.2,15.8,12.18,14.4,18.6,16:35,11.1,23:27,7.5,47.1,36
108,서울,2023-05-08,12.7,90.7,28.55,15.3,22,13:40,7.9,5:47,14.1,55.3,31
108,서울,2023-05-09,12.8,91.4,28.29,17,24.4,15:00,10,5:50,14.4,55.4,31
108,서울,2023-05-10,12.7,90.7,25.58,18.4,26,15:46,10.7,5:51,15.3,53.3,25
108,서울,2023-05-11,12.9,91.5,27.64,19.5,26.7,14:23,12.8,5:45,13.9,50.1,26
108,서울,2023-05-12,6.7,47.5,19.9,18.4,24.7,14:26,13.1,5:51,11.6,50.9,24
108,서울,2023-05-13,8.8,62.4,23.86,17.8,23.9,14:17,12.6,6:08,11.3,62,35
108,서울,2023-05-14,9.6,67.6,25.41,18.1,23.8,14:00,12.9,5:20,10.9,56.5,35
108,서울,2023-05-15,11.6,81.7,26.49,20.6,27.9,15:46,12.8,5:20,15.1,54.6,32
108,서울,2023-05-16,12.1,85.2,27.62,24,31.2,14:36,17.2,5:15,14,51.9,33
108,서울,2023-05-17,11.4,80.3,27.59,23.5,28.7,13:10,18.6,4:42,10.1,63.6,34
108,서울,2023-05-18,1.4,9.8,13.7,21.2,27.6,13:26,18.8,23:58,8.8,74.8,48
108,서울,2023-05-19,9.4,65.7,25.57,22.3,27.8,14:09,16.7,5:31,11.1,61.4,41
108,서울,2023-05-20,9.7,67.8,25.72,21.2,26.7,12:00,16.6,23:13,10.1,66.9,51
108,서울,2023-05-21,5.8,40.6,20.72,17.8,21.9,16:08,15.3,6:03,6.6,74,46
108,서울,2023-05-22,7.9,54.9,23.93,20.3,26.8,16:22,15.9,4:12,10.9,61.3,31
108,서울,2023-05-23,13.2,91.7,29.85,20.5,26.9,16:50,14.1,5:34,12.8,48,27
108,서울,2023-05-24,6.2,43.1,19.16,20.6,25.9,13:29,14.8,5:35,11.1,49.8,34
108,서울,2023-05-25,10.4,72.2,27.9,21.2,27.4,14:03,15.7,5:34,11.7,46.6,27
108,서울,2023-05-26,10.7,73.8,26.25,21.4,27.3,15:22,15.8,5:44,11.5,57.4,38
108,서울,2023-05-27,0,0,3.13,19.3,20.7,8:51,18.6,4:31,2.1,87.4,65
108,서울,2023-05-28,0,0,2.46,19.2,20.2,13:15,18.4,6:49,1.8,98.9,83
108,서울,2023-05-29,4.1,28.3,15.87,23.2,28.5,16:46,19,0:01,9.5,83.4,58
108,서울,2023-05-30,3.7,25.5,18.2,24,28.9,14:54,20.5,5:43,8.4,69.5,48
108,서울,2023-05-31,7.1,48.6,23.98,22.8,28.2,16:25,18.8,5:06,9.4,60.8,45
108,서울,2023-06-01,2.2,15.1,15.18,22.8,26.3,17:07,19.7,5:28,6.6,66.9,56
108,서울,2023-06-02,5.2,35.6,14.24,20.4,25,16:48,17.9,6:01,7.1,77.4,59
108,서울,2023-06-03,13.3,91.1,31.19,22,27.8,14:23,16.6,6:07,11.2,60.1,31
108,서울,2023-06-04,11.1,76,28.74,22.1,28,16:27,16.9,5:37,11.1,61,28
108,서울,2023-06-05,10.9,74.7,26.6,21.5,26.3,15:32,17.6,5:32,8.7,66.9,47
108,서울,2023-06-06,7.9,53.7,21.98,20.3,25.2,13:35,17.3,5:37,7.9,72.9,50
108,서울,2023-06-07,1,6.8,10.07,21.4,25.7,17:23,18.9,3:32,6.8,75.3,63
108,서울,2023-06-08,0.9,6.1,10.19,20.4,23.9,16:13,18.3,23:39,5.6,80.5,65
108,서울,2023-06-09,11.8,80.3,28.15,23.3,28.4,16:46,18.3,5:24,10.1,64,32
108,서울,2023-06-10,5.6,38.1,18.18,23.2,28.5,12:48,19.6,23:32,8.9,70,48
108,서울,2023-06-11,6.4,43.5,21.1,22.1,27.3,17:10,17.9,4:22,9.4,76.1,53
108,서울,2023-06-12,6.7,45.6,19.9,22.2,27.5,13:53,18.4,6:10,9.1,70.5,47
108,서울,2023-06-13,9.9,67.3,25.43,22,26,13:13,19.2,5:56,6.8,70,50
108,서울,2023-06-14,4.2,28.4,13.12,20.6,25,12:58,17.5,5:08,7.5,80.3,53
108,서울,2023-06-15,8.8,59.5,25.05,22.7,28.3,15:16,17.7,5:45,10.6,70.8,50
108,서울,2023-06-16,12.5,84.5,29.89,23.7,28.9,15:35,19.1,5:01,9.8,64.4,45
108,서울,2023-06-17,10.8,73,27.4,24.2,30.2,15:15,18.9,5:40,11.3,57.1,39
108,서울,2023-06-18,12.3,83.1,28.79,25.9,32.6,16:36,20.8,5:18,11.8,60.5,43
108,서울,2023-06-19,11,74.3,25.29,28.5,34,14:55,23.3,3:53,10.7,57.8,42
108,서울,2023-06-20,0,0,5.89,24.7,26.4,10:40,21.4,23:56,5,64.5,51
108,서울,2023-06-21,0,0,4.79,20.5,22.1,15:22,19.2,3:44,2.9,92.6,83
108,서울,2023-06-22,6.9,46.6,21.48,22.5,26.4,15:29,18.9,5:24,7.5,77.1,61
108,서울,2023-06-23,5.3,35.8,18.74,24.4,29.9,16:50,20,3:09,9.9,76.6,50
108,서울,2023-06-24,9.7,65.5,21.93,26.4,31.1,15:40,21.9,5:14,9.2,70.5,55
108,서울,2023-06-25,8.7,58.8,23.62,28.2,33.1,15:29,22.8,5:45,10.3,64.9,47
108,서울,2023-06-26,0,0,3.39,24.2,27.5,0:01,22.3,6:06,5.2,88.6,59
108,서울,2023-06-27,6.8,45.9,20.95,25.3,29.1,16:57,21.4,5:25,7.7,73.1,51
108,서울,2023-06-28,3.8,25.7,18.56,26.5,30.1,14:53,24.2,4:47,5.9,77.4,60
108,서울,2023-06-29,0,0,2.31,24.2,25.9,0:07,23.2,23:43,2.7,95.4,85
108,서울,2023-06-30,1.4,9.5,10.02,25.3,29.1,16:03,23.2,0:01,5.9,89.8,72
108,서울,2023-07-01,12.4,84.4,29.21,27.7,32.9,14:59,23.3,3:21,9.6,76.9,58
108,서울,2023-07-02,4.3,29.3,19.16,26.7,30.6,16:17,23.5,5:43,7.1,79.5,64
108,서울,2023-07-03,8.8,59.9,25.34,29.1,34.9,16:16,24.1,5:24,10.8,72,40
108,서울,2023-07-04,0,0,6.08,26.1,29.2,12:39,24.5,20:04,4.7,86.8,68
108,서울,2023-07-05,4.5,30.6,19.96,24.5,27.1,13:08,22.1,6:48,5,82.6,68
108,서울,2023-07-06,8.8,59.9,25.47,27.3,31.8,14:35,22.4,5:45,9.4,70.9,56
108,서울,2023-07-07,8.7,59.2,23.96,26.7,31.4,14:47,23.3,23:45,8.1,64.9,46
108,서울,2023-07-08,1.6,11,13.93,25.6,29.7,15:41,22.4,3:46,7.3,76.5,64
108,서울,2023-07-09,1.1,7.5,8.07,24.7,27,8:49,21.6,12:08,5.4,86.4,78
108,서울,2023-07-10,5.9,40.4,18.41,26.3,30.9,15:18,22.9,6:26,8,80.4,58
108,서울,2023-07-11,0,0,2.21,23.5,25.9,8:07,21.6,17:33,4.3,92.4,79
108,서울,2023-07-12,1.2,8.2,12.34,25.8,29.1,15:52,22,0:01,7.1,86.4,72
108,서울,2023-07-13,0,0,2.63,25.2,26.5,9:43,24.7,12:15,1.8,95,84
108,서울,2023-07-14,0,0,1.52,24.6,25.1,10:26,23.9,2:06,1.2,99.1,96
108,서울,2023-07-15,0,0,3.16,24.5,25.7,12:11,23.7,23:58,2,93.5,85
108,서울,2023-07-16,0,0,5.31,24.6,25.4,17:45,23.7,0:01,1.7,89.5,80
108,서울,2023-07-17,0.4,2.8,10.78,25.5,27.8,14:37,23.7,4:46,4.1,86.1,76
108,서울,2023-07-18,2,13.8,7.94,25.2,27.7,17:21,24.1,5:27,3.6,87.9,75
108,서울,2023-07-19,11.5,79.9,26.41,27.2,32.4,16:29,22.5,5:27,9.9,78.8,55
108,서울,2023-07-20,9.9,68.8,24.17,27.9,32.8,15:47,24,5:49,8.8,74,51
108,서울,2023-07-21,10.2,70.8,23.64,29.5,34.3,16:28,24.6,5:54,9.7,69.6,48
108,서울,2023-07-22,6.4,44.4,17.66,27.7,32.5,12:27,24.6,21:42,7.9,73.9,51
108,서울,2023-07-23,0,0,2.37,25.2,25.8,15:15,24.5,7:52,1.3,94.3,87
108,서울,2023-07-24,3.2,22.4,14.08,26.9,30,15:27,24.6,5:21,5.4,83.1,69
108,서울,2023-07-25,3.5,24.5,16.84,27.8,30.5,14:32,25.8,4:28,4.7,80.5,68
108,서울,2023-07-26,3,21,15.79,27.6,31.1,15:39,24.9,6:06,6.2,80.9,69
108,서울,2023-07-27,6.8,47.6,18.25,28.4,32.2,13:00,24.4,5:39,7.8,78.1,59
108,서울,2023-07-28,9.5,66.9,23.36,29.5,34.1,14:16,25.4,5:36,8.7,72.4,52
108,서울,2023-07-29,6.8,47.9,18.5,29.1,33.3,15:27,26.1,4:42,7.2,72.1,52
108,서울,2023-07-30,9.1,64.1,21.99,28.8,34.9,15:55,24.9,5:50,10,72.5,49
108,서울,2023-07-31,6.5,46.1,20.26,28.7,33.4,14:40,25.6,0:03,7.8,76.3,60
108,서울,2023-08-01,10.3,73,21.25,29.9,34.2,16:46,25.5,5:36,8.7,71.6,55
108,서울,2023-08-02,11.2,79.4,24.81,29.7,33.7,14:36,26.8,5:19,6.9,67.8,48
108,서울,2023-08-03,11,78.6,25.4,29.5,33.8,14:46,25.8,6:15,8,67,54
108,서울,2023-08-04,9.6,68.6,23.13,30,34.4,16:34,26.5,5:20,7.9,67.6,53
108,서울,2023-08-05,12.7,90.7,27.31,30.3,34.9,15:48,26.4,6:11,8.5,69,50
108,서울,2023-08-06,3.8,27.3,12.95,29.8,33,14:03,27,16:06,6,76.5,63
108,서울,2023-08-07,5.8,41.7,15.83,30.4,34.6,15:46,27.3,5:40,7.3,68.4,56
108,서울,2023-08-08,11,79.1,23.96,30.9,35.8,16:00,26.4,5:53,9.4,60.5,47
108,서울,2023-08-09,3.3,23.7,13.66,28.3,31.6,11:02,25.1,23:58,6.5,67.6,57
108,서울,2023-08-10,0,0,2.42,22.2,25.1,0:01,20.9,19:54,4.2,91.9,80
108,서울,2023-08-11,0,0,3.94,23.5,24.9,17:03,21.6,0:01,3.3,93.1,83
108,서울,2023-08-12,0.1,0.7,4.19,23.3,24.1,0:01,22.5,22:47,1.6,91,82
108,서울,2023-08-13,2.7,19.7,17.49,27,31.1,17:45,22.6,0:01,8.5,76.9,58
108,서울,2023-08-14,3.9,28.5,13.71,28.1,31.9,14:25,24.8,6:02,7.1,75.4,60
108,서울,2023-08-15,7.7,56.2,21.84,28.6,32.7,15:03,24.7,6:12,8,71.4,58
108,서울,2023-08-16,3.7,27.2,15.46,27.3,31.6,13:52,24.7,5:40,6.9,72,58
108,서울,2023-08-17,6.2,45.6,18.24,28.2,32.4,13:49,24.5,6:15,7.9,73,52
108,서울,2023-08-18,7.3,54.1,19.56,29.1,33.3,14:13,25.5,5:47,7.8,72.1,56
108,서울,2023-08-19,9.1,67.4,21.24,29.1,33.6,15:28,26.4,6:20,7.2,68.9,54
108,서울,2023-08-20,3.6,26.7,15.87,28.3,31.8,13:48,25.5,4:59,6.3,71.8,56
108,서울,2023-08-21,6.4,47.8,19.04,29.5,33.6,14:02,26,6:14,7.6,69.8,55
108,서울,2023-08-22,1.3,9.7,10.5,27.6,32.2,13:56,25.8,22:20,6.4,80.3,61
108,서울,2023-08-23,0.1,0.7,3.33,24.8,27.2,9:32,23.2,24:00:00,4,91.3,80
108,서울,2023-08-24,1.5,11.3,12.56,25.1,27.8,14:19,22.3,4:34,5.5,84.8,75
108,서울,2023-08-25,8.3,62.4,20.42,26.5,30,16:18,24,5:55,6,77.9,60
108,서울,2023-08-26,7.3,55.3,19.84,26.4,30.3,15:45,23.3,6:36,7,72.3,49
108,서울,2023-08-27,1.2,9.1,12,26.1,29.6,16:13,22.7,5:05,6.9,75,62
108,서울,2023-08-28,0,0,3.99,22.7,25.6,0:01,20.8,8:53,4.8,87.5,73
108,서울,2023-08-29,0,0,2.87,23.9,25.5,10:29,22.5,20:34,3,89.6,80
108,서울,2023-08-30,0,0,4.42,22.8,24.5,12:30,21.5,23:53,3,88,75
108,서울,2023-08-31,7,53.4,18.53,23.9,28.9,15:34,21,5:47,7.9,76.9,48
108,서울,2023-09-01,12.1,93.1,24.59,24.5,29.6,15:43,19.7,6:10,9.9,70.6,42
108,서울,2023-09-02,11.3,86.9,23.72,25.4,30.8,15:36,19.7,6:39,11.1,63.9,39
108,서울,2023-09-03,1.9,14.7,12.19,25.8,28.8,14:14,23.1,7:49,5.7,77.8,67
108,서울,2023-09-04,0.7,5.4,10.24,27,30.2,16:07,24.3,6:25,5.9,79.9,65
108,서울,2023-09-05,7,54.3,19.14,28.5,32.8,14:40,25,7:07,7.8,69.5,54
108,서울,2023-09-06,11.3,88.3,22.64,27.9,32.1,15:50,24,6:35,8.1,65.1,45
108,서울,2023-09-07,12.1,94.5,24.56,26.3,31.6,15:01,20.9,6:43,10.7,54.8,37
108,서울,2023-09-08,12,94.5,24.13,25.3,30.5,14:32,19.6,6:22,10.9,60.3,42
108,서울,2023-09-09,10.9,85.8,22.64,25.8,31.2,15:55,20.8,6:27,10.4,66.3,45
108,서울,2023-09-10,5.7,44.9,14.57,25.7,29.6,14:45,22,6:16,7.6,68.1,53
108,서울,2023-09-11,5.1,40.5,14.79,25.5,29.8,15:33,23.1,6:17,6.7,67.3,50
108,서울,2023-09-12,3.5,27.8,12.52,25.7,29.8,14:19,21.7,6:42,8.1,69.8,55
108,서울,2023-09-13,0,0,3.35,22.1,24.6,0:01,19.6,21:12,5,84.5,70
108,서울,2023-09-14,4.2,33.6,13.7,23.4,27.2,11:48,19.2,6:10,8,72.4,60
108,서울,2023-09-15,0.1,0.8,5.35,22.3,24.3,15:44,20.3,7:09,4,82.3,67
108,서울,2023-09-16,0.1,0.8,6.3,23.9,26.6,14:42,22,2:33,4.6,87.8,76
108,서울,2023-09-17,3.3,26.6,12.49,24.7,28,15:24,22,4:16,6,84.8,68
108,서울,2023-09-18,4.9,39.5,13.83,24.7,28.9,12:38,22.1,6:16,6.8,79.1,58
108,서울,2023-09-19,1.3,10.6,8.98,24.1,27.2,13:17,21.6,5:55,5.6,81.1,62
108,서울,2023-09-20,0,0,2.53,20.6,23.9,0:01,18.8,23:51,5.1,90.4,80
108,서울,2023-09-21,2.4,19.7,13.28,20.1,23.6,14:42,17.5,23:49,6.1,70.9,53
108,서울,2023-09-22,10.4,85.2,20.37,20.5,26.7,15:11,15.2,6:26,11.5,68.4,37
108,서울,2023-09-23,10.9,89.3,19.69,21.8,27.6,14:18,16.3,6:43,11.3,63.9,38
108,서울,2023-09-24,9,74.4,19.16,21.8,26.2,14:40,17.9,6:35,8.3,56.4,37
108,서울,2023-09-25,1.3,10.7,11.15,21.6,26,13:27,17.9,4:50,8.1,66.4,49
108,서울,2023-09-26,0,0,2.33,19.9,20.8,13:55,18.6,5:10,2.2,95.8,87
108,서울,2023-09-27,0.1,0.8,6.65,21.5,23.7,14:33,20,6:32,3.7,90.1,81
108,서울,2023-09-28,8.4,70,17.06,22.7,27.3,14:22,19.6,6:34,7.7,78.3,54
108,서울,2023-09-29,5.5,46.2,16.39,21.1,26.9,14:44,17.4,6:34,9.5,61.5,33
108,서울,2023-09-30,1.6,13.4,7.45,19.7,22.2,16:59,17.1,23:59,5.1,77,64
108,서울,2023-10-01,10.4,88.1,20.05,18.4,23.7,15:11,14.4,6:52,9.3,59.5,34
108,서울,2023-10-02,10.3,87.3,19.93,18.2,24.6,15:38,12.9,6:57,11.7,53.8,27
108,서울,2023-10-03,3,25.6,9.4,17.5,22.5,15:21,14.4,2:50,8.1,66.3,47
108,서울,2023-10-04,5.3,45.3,12.11,17.3,23.2,12:57,14.2,6:47,9,75.5,53
108,서울,2023-10-05,10.6,90.6,19.99,14.2,19.2,15:56,9.9,6:40,9.3,46.1,34
108,서울,2023-10-06,8.8,75.9,17.92,15.5,21.5,14:47,9.6,6:41,11.9,55.3,33
108,서울,2023-10-07,5.2,44.8,13.16,16.8,21.2,15:43,11.7,6:30,9.5,62.6,42
108,서울,2023-10-08,0,0,5.92,17.1,19.5,15:55,15.2,5:31,4.3,67.1,61
108,서울,2023-10-09,4.2,36.5,11.77,17.4,22.4,15:26,14.1,23:59,8.3,68.1,51
108,서울,2023-10-10,10.6,92.2,18.62,17.1,23.5,15:23,11.9,6:17,11.6,67.1,36
108,서울,2023-10-11,10,87.7,17.49,17.6,24,15:29,12.9,7:19,11.1,57.5,33
108,서울,2023-10-12,7.3,64,14.4,17.5,24.1,13:25,12,6:42,12.1,62.4,40
108,서울,2023-10-13,2.5,21.9,9.14,17.5,21.5,12:36,14.3,6:13,7.2,69.6,50
108,서울,2023-10-14,2.5,22.1,6.54,14.7,18.2,15:37,12.9,23:56,5.3,84.9,68
108,서울,2023-10-15,6.1,54,13.73,16.1,21.2,15:33,10.9,6:36,10.3,80,52
108,서울,2023-10-16,10.4,92.9,18,14.7,19.6,14:03,10.7,23:54,8.9,57,33
108,서울,2023-10-17,10.4,92.9,17.85,13.8,20.9,15:33,7.5,6:52,13.4,55.6,26
108,서울,2023-10-18,8.3,74.1,14.37,15.7,21.6,14:57,9.2,7:06,12.4,67,39
108,서울,2023-10-19,0,0,2.88,17,18.9,14:50,14.9,23:54,4,82.5,65
108,서울,2023-10-20,10.1,91,17.9,11.6,15.1,13:57,7.2,23:52,7.9,46.9,32
108,서울,2023-10-21,8.6,77.5,16.7,10.4,16.6,14:46,5.9,4:09,10.7,54.8,31
108,서울,2023-10-22,8.6,78.2,14.58,12.5,18.7,14:51,5.4,7:12,13.3,67.3,42
108,서울,2023-10-23,6.5,59.1,12.64,15.2,21.4,14:37,11.1,7:01,10.3,73.8,47
108,서울,2023-10-24,3.7,33.9,9.34,15.6,19.3,11:56,11.2,5:57,8.1,78.5,62
108,서울,2023-10-25,6,55,11.4,16.6,21.9,14:36,12.7,7:09,9.2,78.6,53
108,서울,2023-10-26,0.8,7.3,5.79,17.2,21.1,13:46,14.6,23:37,6.5,79.4,67
108,서울,2023-10-27,4.6,42.6,10.07,15.7,20.2,14:57,12.6,23:57,7.6,71.1,49
108,서울,2023-10-28,9.7,89.8,15.3,14.2,20.7,14:17,9.4,7:17,11.3,62.9,27
108,서울,2023-10-29,9.7,89.8,15.3,14.9,21.8,14:07,9.8,6:56,12,61.6,34
108,서울,2023-10-30,9.3,86.9,13.71,15.1,21.9,14:42,9.7,6:57,12.2,72,44
108,서울,2023-10-31,5.2,48.6,10.57,16.5,20.8,14:27,12.7,2:04,8.1,76,54
108,서울,2023-11-01,0,0,2.23,19,20.6,15:04,17.2,4:52,3.4,81.8,77
108,서울,2023-11-02,8,75.5,12.86,20.8,25.9,14:42,18.7,23:05,7.2,70.9,38
108,서울,2023-11-03,1.2,11.3,6.1,19.5,22.4,12:25,17.7,23:41,4.7,83.3,70
108,서울,2023-11-04,2.8,26.7,8.32,17.4,20.9,14:59,14.1,7:24,6.8,75.5,64
108,서울,2023-11-05,0,0,3.75,17.3,20.4,19:17,15.1,7:38,5.3,87,71
108,서울,2023-11-06,0.8,7.6,4.42,13.3,19.3,3:52,6.6,23:33,12.7,84.9,56
108,서울,2023-11-07,8.4,80.8,14.34,5.8,9.9,15:04,3.6,8:10,6.3,62.5,44
108,서울,2023-11-08,9.4,90.4,13.65,8.4,16.1,15:03,1.8,7:09,14.3,55.1,23
108,서울,2023-11-09,2.1,20.2,6.78,11.4,18.4,14:45,5.9,6:42,12.5,73.1,54
108,서울,2023-11-10,9,87.4,14.52,3.4,9.1,0:01,0.5,23:56,8.6,53.1,31
108,서울,2023-11-11,7,68,10.9,1.7,6.7,15:17,-1.9,7:09,8.6,47.9,26
108,서울,2023-11-12,9.5,92.2,14.17,1.2,5.7,15:15,-2,7:30,7.7,53.8,37
108,서울,2023-11-13,9.5,93.1,14.18,2,6.7,14:46,-2.2,7:08,8.9,54,32
108,서울,2023-11-14,9.3,91.2,12.94,5,10.8,15:20,-0.8,7:32,11.6,66.1,47
108,서울,2023-11-15,6.9,67.6,10.47,7,12.5,13:26,2,7:06,10.5,71.4,48
108,서울,2023-11-16,0,0,1.09,6.6,7.4,15:25,5.7,23:42,1.7,85,69
108,서울,2023-11-17,5,49.5,7.42,1.6,5.9,0:45,-1.9,23:59,7.8,59.3,37
108,서울,2023-11-18,9.3,92.1,12.88,0.6,5.7,15:05,-3.8,7:20,9.5,58.9,48
108,서울,2023-11-19,5.4,53.5,7.79,5.9,13.4,14:24,-0.3,1:54,13.7,68.3,45
108,서울,2023-11-20,9.3,92.1,12.93,6.2,12.8,15:11,1.8,7:10,11,58.4,30
108,서울,2023-11-21,9.3,93,12.57,7.4,14.8,15:21,1.4,7:14,13.4,59.6,27
108,서울,2023-11-22,6.5,65,10.28,9.5,15.1,14:58,2.9,7:04,12.2,68.1,48
108,서울,2023-11-23,5,50,8.41,9.9,14.6,13:49,1.9,23:58,12.7,71.1,50
108,서울,2023-11-24,8.6,86.9,12.67,-1.5,2.2,13:53,-4.4,23:56,6.6,51.8,32
108,서울,2023-11-25,9.1,91.9,12.67,-1.3,4,14:40,-5.9,7:23,9.9,42.8,22
108,서울,2023-11-26,1.4,14.1,6.39,4,7.2,14:49,-0.1,0:32,7.3,43.6,35
108,서울,2023-11-27,0.9,9.1,2.35,6.2,9.3,15:53,4.4,4:19,4.9,82.9,55
108,서울,2023-11-28,6.3,59.4,9.86,1.3,5.2,0:01,-1.2,23:54,6.4,58,35.5
108,서울,2023-11-29,2.7,25.5,4.75,-1.4,3,14:22,-4,23:54,7,59,45.7
108,서울,2023-11-30,9.2,93.9,12.44,-4.3,-0.5,14:44,-7.3,7:21,6.8,48.5,35
108,서울,2023-12-01,9.2,93.9,12.2,-3.2,0.7,15:44,-6.8,6:46,7.5,55.3,36
108,서울,2023-12-02,4,40.8,8.25,2,8,15:16,-4.4,3:27,12.4,60.8,48
108,서울,2023-12-03,9.1,92.9,11.62,0.8,6,14:30,-2.8,7:00,8.8,56.3,30
108,서울,2023-12-04,8.2,84.5,10.39,2.7,9.4,15:32,-3,7:50,12.4,59.5,35
108,서울,2023-12-05,6.8,70.1,8.09,6.8,12.6,15:18,3.8,0:01,8.8,55.4,43
108,서울,2023-12-06,0,0,1.87,6.1,8.7,18:48,3.9,3:58,4.8,76.1,65
108,서울,2023-12-07,6.7,69.1,9.35,6.6,11.4,14:08,0.8,7:09,10.6,64,48
108,서울,2023-12-08,5.3,54.6,7.54,11.2,16.8,14:34,5.1,3:33,11.7,73.4,57
108,서울,2023-12-09,0.8,8.2,4.05,13.7,16.2,14:13,11.7,23:46,4.5,82.9,70
108,서울,2023-12-10,,0,,11.4,15.5,14:48,6.7,8:01,8.8,67.9,46
108,서울,2023-12-11,0,0,1.54,8.9,12.3,0:04,5,23:14,7.3,82.9,66
108,서울,2023-12-12,3.5,36.5,6.08,5.4,9.3,15:36,3.5,23:34,5.8,75.6,58
108,서울,2023-12-13,2.3,24,6.06,6.8,10.3,14:59,2.6,4:19,7.7,74.1,61
108,서울,2023-12-14,0,0,1.46,7.6,9.1,1:27,6.2,23:15,2.9,85.8,66
108,서울,2023-12-15,0,0,1.48,4.9,6.2,0:01,3.7,23:59,2.5,95.4,88
108,서울,2023-12-16,4.6,47.9,8.49,-4.1,3.8,0:01,-9.9,24:00:00,13.7,68.9,46
108,서울,2023-12-17,9,93.8,11.81,-9.8,-6.4,14:52,-12.4,7:58,6,48.9,36
108,서울,2023-12-18,4.1,42.7,7.01,-7.7,-3.6,13:58,-12.2,5:11,8.6,45.1,33
108,서울,2023-12-19,0.8,8.3,5.77,-3.7,0.2,14:02,-8.2,5:48,8.4,63.1,41
108,서울,2023-12-20,6,62.5,9.07,-7.4,-2.1,0:01,-11.9,23:59,9.8,64.1,50
108,서울,2023-12-21,9,93.8,11.49,-11.7,-8,15:15,-14.4,7:05,6.4,57.4,44
108,서울,2023-12-22,9.1,94.8,11.56,-11.6,-8,14:25,-14.7,7:32,6.7,51.8,39
108,서울,2023-12-23,8.9,92.7,10.84,-6.8,-0.9,15:47,-12.7,5:11,11.8,53.4,37
108,서울,2023-12-24,6.9,71.9,10.09,-2.2,3,14:40,-5.6,6:22,8.6,73.4,53
108,서울,2023-12-25,1.7,17.7,4.14,-0.7,2.1,16:04,-2.7,23:15,4.8,80.8,58
108,서울,2023-12-26,7.5,78.1,9.17,1.9,7.2,14:52,-2.6,0:01,9.8,72.9,51
108,서울,2023-12-27,8.2,85.4,9.47,1.5,6.8,15:49,-2.8,8:13,9.6,76.6,56
108,서울,2023-12-28,8.1,84.4,9.25,1.2,4.4,14:53,-1.7,6:20,6.1,69.5,53
108,서울,2023-12-29,1.8,18.8,5.43,1.3,4.6,14:38,-1.5,7:25,6.1,71,60
108,서울,2023-12-30,0,0,0.69,0.6,2.1,23:54,-0.9,2:37,3,92,76
108,서울,2023-12-31,0.6,6.3,3.06,2.1,4.3,15:50,0.6,23:43,3.7,95.5,84
108,서울,2024-01-01,4.3,44.8,7.44,3.3,7.3,12:55,-0.3,4:02,7.6,83.4,65
108,서울,2024-01-02,0.3,3.1,3.87,2.9,4.3,14:09,2.2,6:22,2.1,72.6,59
108,서울,2024-01-03,1.2,12.4,3.32,1.8,4,13:20,-1.1,23:50,5.1,80.4,72
108,서울,2024-01-04,0.5,5.2,5.22,1.4,4.7,15:56,-3.3,7:15,8,74.3,64
108,서울,2024-01-05,5.7,58.8,7.77,5,9.1,14:39,1.4,23:56,7.7,77.1,59
108,서울,2024-01-06,8.7,89.7,11.42,0.7,5.2,14:44,-2.7,8:19,7.9,63.9,34
108,서울,2024-01-07,9.1,93.8,12.13,-4.4,-0.9,0:01,-8.3,23:12,7.4,57.4,34
108,서울,2024-01-08,8.3,85.6,11.65,-4.7,0,14:41,-10.3,6:19,10.3,57.8,29
108,서울,2024-01-09,0,0,1.48,-0.6,0.4,22:39,-1.9,0:01,2.3,84,62
108,서울,2024-01-10,5,51,7.81,-1,3.3,15:42,-4.1,6:32,7.4,85.9,69
108,서울,2024-01-11,0.4,4.1,4.58,1.7,4.5,16:07,-2.4,6:18,6.9,80.6,69
108,서울,2024-01-12,8.9,90.8,11.77,0.9,4.2,15:46,-1.4,23:51,5.6,61.6,28
108,서울,2024-01-13,9.1,92.9,12.05,0.4,6.4,15:19,-3.8,8:00,10.2,44.3,23
108,서울,2024-01-14,0.7,7.1,1.28,-0.6,2.4,16:13,-3.3,24:00:00,5.7,74.5,53
108,서울,2024-01-15,9.2,92.9,12.82,-3.7,0.9,15:47,-6.9,7:35,7.8,51.3,34
108,서울,2024-01-16,8.3,83.8,11.86,-2.1,4.3,15:16,-7.2,8:14,11.5,49.8,32
108,서울,2024-01-17,0,0,1.9,0.6,1.9,21:40,-2.3,1:03,4.2,78.5,54
108,서울,2024-01-18,6.3,63.6,9.86,4.5,9.4,16:06,1.4,7:51,8,81.5,63
108,서울,2024-01-19,7.1,71.7,10.29,5.4,9,14:36,4,20:51,5,65.4,52
108,서울,2024-01-20,0,0,2.74,3.4,4.9,13:06,1.9,19:14,3,69.5,57
108,서울,2024-01-21,0,0,3.57,1.7,4.3,12:06,-2.4,23:52,6.7,75.8,65
108,서울,2024-01-22,3.6,36,8.49,-8.7,-2.4,0:01,-11.9,23:49,9.5,65.6,55
108,서울,2024-01-23,9.1,91,13.53,-11.7,-8.2,15:25,-14,7:29,5.8,53.6,44
108,서울,2024-01-24,9.3,92.1,13.63,-8,-3.7,16:00,-11.2,0:36,7.5,52,39
108,서울,2024-01-25,9.4,93.1,13.57,-5.3,-0.5,15:32,-9.7,6:40,9.2,47.8,30
108,서울,2024-01-26,9.4,93.1,12.68,-1.7,4,15:44,-6.9,7:25,10.9,62.5,39
108,서울,2024-01-27,8,78.4,12.43,-0.5,4.6,15:03,-4.6,8:01,9.2,70,41
108,서울,2024-01-28,8,78.4,12.52,-1.5,3.8,15:24,-5,7:53,8.8,62.3,44
108,서울,2024-01-29,9.2,90.2,12.65,-0.4,4.6,14:40,-4.8,7:18,9.4,66.6,42
108,서울,2024-01-30,9.4,91.3,12.73,1.4,8.1,15:59,-4,7:38,12.1,59.3,28
108,서울,2024-01-31,8.9,86.4,12.65,4.7,10.6,14:47,0.7,0:01,9.9,54.1,28
108,서울,2024-02-01,6.8,66,10.12,2.4,8.2,15:43,-1.3,7:17,9.5,64.9,42
108,서울,2024-02-02,4.4,42.7,10.3,3.1,7.9,13:52,0.7,23:55,7.2,65.5,48
108,서울,2024-02-03,1,9.6,6.77,4.7,8.3,14:30,-0.2,2:08,8.5,63.9,50
108,서울,2024-02-04,4.6,44.2,10.88,7.3,12.2,14:11,3.7,7:04,8.5,60.9,44
108,서울,2024-02-05,0,0,3.47,2.7,6.6,0:01,0.1,21:13,6.5,81.8,60
108,서울,2024-02-06,0,0,4.49,1.2,2.9,12:24,0,1:35,2.9,83.5,71
108,서울,2024-02-07,0,0,3.61,0.6,2.7,14:35,-0.9,7:00,3.6,76.6,59
108,서울,2024-02-08,9.2,86.8,13.96,0.6,6.2,15:32,-3,7:16,9.2,66.9,41
108,서울,2024-02-09,6.9,65.1,12.47,1.1,6.1,14:28,-2.5,7:31,8.6,66.8,42
108,서울,2024-02-10,5.6,52.8,11.32,1.7,7.4,14:37,-1.5,5:42,8.9,69.4,40
108,서울,2024-02-11,5.6,52.3,10.38,1,5.5,13:56,-3.1,7:38,8.6,70.6,49
108,서울,2024-02-12,9.7,90.7,15.35,3.5,10.5,16:01,-2.9,7:13,13.4,62.8,30
108,서울,2024-02-13,5.5,51.4,10.98,8.2,13.7,14:41,2,6:15,11.7,70.6,57
108,서울,2024-02-14,4,37,10.39,12.9,18.3,14:48,8.8,0:01,9.5,76.4,60
108,서울,2024-02-15,0.9,8.3,2.71,4.5,11.6,0:01,0.6,23:57,11,89.9,68
108,서울,2024-02-16,7.9,73.1,13.32,2.3,8.1,15:40,-1.5,6:43,9.6,72.4,46
108,서울,2024-02-17,8.7,79.8,15.33,4.4,11.7,15:25,-1.2,7:45,12.9,73.5,48
108,서울,2024-02-18,1.1,10.1,3.01,6.2,9.4,23:57,1.2,7:17,8.2,81.4,54
108,서울,2024-02-19,0,0,1.37,9.1,11.9,10:28,4.2,23:48,7.7,95.8,87
108,서울,2024-02-20,0,0,2.34,4.3,6.8,14:32,2.8,5:06,4,86.3,75
108,서울,2024-02-21,0,0,2.77,1.9,4,1:01,0,23:49,4,92.5,75
108,서울,2024-02-22,0,0,4.5,0.2,1.6,13:25,-1.1,6:53,2.7,84.5,73
108,서울,2024-02-23,5.8,52.3,15.28,1.8,6.1,14:58,-1,7:02,7.1,68.8,50
108,서울,2024-02-24,5.5,49.5,12.07,2,5.9,14:18,-1.3,6:57,7.2,68.6,48
108,서울,2024-02-25,0.9,8,7.55,2.8,5.9,15:49,0.8,6:02,5.1,80.8,63
108,서울,2024-02-26,6.8,60.7,14.98,3.8,9.7,14:14,-1.2,6:56,10.9,65.3,39
108,서울,2024-02-27,5.5,48.7,13.06,5.3,9.8,15:10,1.2,6:07,8.6,52,36
108,서울,2024-02-28,1.7,15,10.2,6.4,10.1,15:09,3.2,7:12,6.9,59.5,47
108,서울,2024-02-29,1.2,10.6,7.01,4.8,9.6,15:39,0.3,24:00:00,9.3,63.6,43
108,서울,2024-03-01,10.6,93,20.33,-4.1,0.3,0:01,-7.1,23:55,7.4,38.9,24
108,서울,2024-03-02,5.8,50.9,13.21,-0.5,4.1,23:56,-8.1,2:53,12.2,60.4,48
108,서울,2024-03-03,6.6,57.4,13.52,4,7.8,13:35,0.4,7:24,7.4,71.5,42
108,서울,2024-03-04,9.5,82.6,17.79,5.4,11.7,15:08,-1.8,7:14,13.5,45.5,17
108,서울,2024-03-05,0.1,0.9,6.29,8,11,13:10,5.5,23:57,5.5,45.1,32
108,서울,2024-03-06,2.3,19.8,10.31,6.2,10.3,16:13,2.5,6:40,7.8,58.8,46
108,서울,2024-03-07,2.5,21.6,8.77,3.9,8.2,12:58,1.2,23:57,7,62.4,45
108,서울,2024-03-08,10.4,88.9,19.91,2.1,6.5,13:38,-0.7,4:58,7.2,50.6,26
108,서울,2024-03-09,10.9,93.2,21.15,2,7.1,15:46,-2.1,7:26,9.2,50.8,24
108,서울,2024-03-10,10.9,93.2,20.38,4.2,10.6,14:55,-1.8,6:54,12.4,54,26
108,서울,2024-03-11,,,,6.2,10.8,17:11,2,6:09,8.8,62.3,34
108,서울,2024-03-12,0,0,0.3,6.6,10,15:41,4.4,23:44,5.6,78,62
108,서울,2024-03-13,10.9,91.6,20.78,6.5,12,13:47,1.3,7:11,10.7,57.6,27
108,서울,2024-03-14,,0,,8.5,15.4,14:42,3.4,6:52,12,58.3,23
108,서울,2024-03-15,10.6,89.1,20.18,8.9,14.5,15:33,4,6:45,10.5,68.5,43
108,서울,2024-03-16,8.3,69.2,18.28,10.9,18.3,15:15,4.4,6:26,13.9,54.5,19
108,서울,2024-03-17,8.7,72.5,18.59,8.8,12.2,14:51,5.4,22:53,6.8,48,28
108,서울,2024-03-18,10.6,87.6,21.33,7.1,13.2,13:56,1.4,7:11,11.8,28.6,13
108,서울,2024-03-19,2.7,22.3,9.63,6.7,9.8,13:18,3.9,24:00:00,5.9,60.8,39
108,서울,2024-03-20,9,74.4,19.09,4.4,8.7,15:21,1.2,6:43,7.5,46.5,26
108,서울,2024-03-21,11.3,92.6,22.43,5,11.5,14:29,-1.2,6:36,12.7,46.5,25
108,서울,2024-03-22,3.5,28.7,10.25,10.4,15.2,16:22,3.8,0:31,11.4,57,31
108,서울,2024-03-23,8.2,66.7,19.2,13,18.2,16:18,9.3,7:18,8.9,66,42
108,서울,2024-03-24,8.1,65.9,19.89,16.2,23.4,16:26,10.5,2:37,12.9,42.5,22
108,서울,2024-03-25,0,0,4.68,10.6,14.5,0:01,6.7,23:32,7.8,63,39
108,서울,2024-03-26,2.3,18.5,13.76,7.4,12.4,15:40,3.2,8:00,9.2,77.3,55
108,서울,2024-03-27,8.8,71,18.46,10.4,16.2,15:22,4.4,6:34,11.8,68.4,46
108,서울,2024-03-28,0,0,4.13,10.3,12.2,16:29,7.8,23:53,4.4,81.8,67
108,서울,2024-03-29,2.5,20,6.68,7.6,12.3,16:11,5,23:52,7.3,73,49
108,서울,2024-03-30,5.4,43.2,16.07,8.8,15.6,15:10,3,5:59,12.6,56.5,30
108,서울,2024-03-31,10.1,80.2,22.79,10.6,17.7,15:44,3.4,6:10,14.3,39.9,17
108,서울,2024-04-01,11.5,91.3,23.72,12.2,19,15:02,5.5,6:13,13.5,32,14
108,서울,2024-04-02,9.5,74.8,21.69,15.4,23.9,14:22,7,5:49,16.9,37.5,18
108,서울,2024-04-03,0.3,2.4,7.18,16.6,19.7,13:48,13.9,1:13,5.8,55.9,42
108,서울,2024-04-04,3.6,28.1,15.47,15.5,20.3,13:13,12.4,6:21,7.9,52.1,39
108,서울,2024-04-05,6.2,48.4,17.11,14,18.8,14:37,10.2,23:54,8.6,51.3,39
108,서울,2024-04-06,6.6,51.6,17.49,12.7,18.9,14:40,8,6:07,10.9,48.6,28
108,서울,2024-04-07,11.4,88.4,23.4,14.8,23.4,15:51,7.7,6:18,15.7,33.4,21
108,서울,2024-04-08,2,15.5,14.44,16.2,22.8,14:32,11,6:04,11.8,46.5,28
108,서울,2024-04-09,11.9,92.2,25.68,15.3,20.8,16:01,10.6,7:03,10.2,32.4,19
108,서울,2024-04-10,3.9,30,15.38,13.8,18.5,14:18,10.2,6:07,8.3,62.6,32
108,서울,2024-04-11,4,30.8,14.28,15.5,21.1,15:43,11.7,4:22,9.4,61,41
108,서울,2024-04-12,9.8,74.8,23.59,17.2,24.2,16:06,12,3:24,12.2,59.6,30
108,서울,2024-04-13,12.1,92.4,25.65,19.1,27.3,15:47,11.2,6:06,16.1,52.4,24
108,서울,2024-04-14,11.7,89.3,24.93,20.8,29.4,14:42,13.6,6:06,15.8,47.1,25
108,서울,2024-04-15,0,0,3.18,16,20,7:31,11.7,21:10,8.3,77.4,44
108,서울,2024-04-16,3.7,28,13.45,13.3,17.9,16:10,11.5,2:28,6.4,82.6,60
108,서울,2024-04-17,10.3,77.4,23.2,15,21.8,15:07,9.7,5:56,12.1,65.3,35
108,서울,2024-04-18,11.7,88,25.45,17.3,24.9,14:54,10.7,5:47,14.2,53.3,28
108,서울,2024-04-19,10.4,78.2,23.5,17.6,24.3,15:18,11.5,6:37,12.8,51.8,34
108,서울,2024-04-20,0,0,4.46,14.9,17.2,9:50,13,21:29,4.2,77.3,58
108,서울,2024-04-21,1,7.5,11.86,17.2,21.7,12:20,13.3,0:01,8.4,65.5,54
108,서울,2024-04-22,4.6,34.3,19.34,18.8,24.1,17:02,15,5:23,9.1,49.4,38
108,서울,2024-04-23,6,44.4,19.16,17.3,24.2,13:56,13.2,6:03,11,55,37
108,서울,2024-04-24,1.9,14.1,9.53,13.2,16.5,13:51,11,23:30,5.5,80.1,63
108,서울,2024-04-25,6.2,45.6,18.59,14.4,20.8,16:21,10.3,6:02,10.5,75.6,47
108,서울,2024-04-26,10.7,78.7,23.74,17.8,26,15:43,11.4,6:03,14.6,61.1,21
108,서울,2024-04-27,12.5,91.9,28.23,18.2,26.2,15:25,11.5,6:01,14.7,56.4,30
108,서울,2024-04-28,11.4,83.2,25.14,20.7,28.9,15:59,13,5:58,15.9,53.5,22
108,서울,2024-04-29,8.8,64.2,21.36,20.9,26.1,14:56,16.9,5:53,9.2,48,36
108,서울,2024-04-30,5.5,40.1,17.95,18.6,22.5,14:17,16,23:54,6.5,62.5,45
108,서울,2024-05-01,9.8,71,26.05,18.5,24,15:52,13.9,5:35,10.1,46,27
108,서울,2024-05-02,12.8,92.8,28.72,18.1,23.7,14:57,12.4,5:46,11.3,48.4,29
108,서울,2024-05-03,12.8,92.8,28.28,19.7,27.9,16:18,12.2,5:59,15.7,46.9,27
108,서울,2024-05-04,12.5,89.9,26.61,21.4,28.5,14:02,14.6,6:02,13.9,44.8,27
108,서울,2024-05-05,0,0,2.17,17.8,20.6,0:01,15.7,23:51,4.9,87.4,44
108,서울,2024-05-06,0,0,2.71,13.9,15.7,0:01,13.4,18:11,2.3,92.9,88
108,서울,2024-05-07,0,0,4.75,13.3,15,15:52,12.2,23:57,2.8,77.3,60
108,서울,2024-05-08,11,78.6,27.21,14.7,21.4,16:09,9,5:54,12.4,58.8,36
108,서울,2024-05-09,12.8,91.4,27.17,16.1,21.8,15:57,10.9,5:17,10.9,63.6,35
108,서울,2024-05-10,12.5,88.7,28.02,17.9,23.8,14:41,12.5,5:34,11.3,55.6,29
108,서울,2024-05-11,0.1,0.7,5.72,17,22,12:27,14,22:59,8,80,54
108,서울,2024-05-12,11.4,80.9,28.91,16.6,21.6,15:18,11.9,5:56,9.7,65,39
108,서울,2024-05-13,13.1,92.9,30.09,18.3,24.5,14:44,11.9,6:03,12.6,51.9,27
108,서울,2024-05-14,13,91.5,30.02,18.8,24.7,14:19,12.7,5:59,12,43.3,23
108,서울,2024-05-15,3.1,21.8,8.35,12.6,18.8,10:02,7.2,21:29,11.6,74.3,41
108,서울,2024-05-16,13.1,92.3,31.35,13.7,19.8,16:13,6.9,6:00,12.9,61.3,32
108,서울,2024-05-17,10.8,75.5,24.4,18.3,24.9,14:35,10.8,5:35,14.1,63.6,42
108,서울,2024-05-18,11.3,79,26.88,20.7,26.5,14:59,16,5:51,10.5,65.3,46
108,서울,2024-05-19,12.6,88.1,28.99,21.5,27.9,15:13,15.9,5:34,12,63.1,30
108,서울,2024-05-20,0.5,3.5,11.45,19.4,22.8,12:51,16.8,23:47,6,75,63
108,서울,2024-05-21,9.4,65.3,26.37,21.7,28.3,16:54,16.3,5:53,12,68.1,33
108,서울,2024-05-22,10,69.4,27.4,20.5,25.5,14:53,16.4,5:33,9.1,68.9,44
108,서울,2024-05-23,12.7,88.2,30.1,20.2,26.4,15:54,15.8,6:07,10.6,67.9,43
108,서울,2024-05-24,4.7,32.6,20.51,20.1,24.7,17:26,15.7,1:45,9,75.1,61
108,서울,2024-05-25,2.3,15.9,17.34,21.4,24.7,12:48,18.7,1:25,6,62.8,47
108,서울,2024-05-26,3.1,21.4,10.2,19.9,23.7,11:10,17,23:42,6.7,74.3,49
108,서울,2024-05-27,9.9,68.3,26.89,18.5,22.6,15:04,14.1,6:03,8.5,63.4,40
108,서울,2024-05-28,11.1,76.6,27.55,20.4,26.1,17:04,14.3,5:34,11.8,54.8,32
108,서울,2024-05-29,13.2,91,29.38,21.2,26.8,15:02,15.4,5:47,11.4,51.6,30
108,서울,2024-05-30,0.6,4.1,12.97,20.7,24.6,15:44,16.2,5:46,8.4,49.1,37
108,서울,2024-05-31,11.8,80.8,30.31,20.4,25.4,15:07,16.9,6:03,8.5,60,35
108,서울,2024-06-01,9.4,64.4,27.02,20.7,25.2,15:20,17.5,5:29,7.7,61.3,34
108,서울,2024-06-02,12.4,84.9,28.7,20.4,25.8,15:51,15.7,5:51,10.1,51.9,36
108,서울,2024-06-03,11.2,76.7,29.95,22.2,28.7,16:03,15.7,5:20,13,47.4,29
108,서울,2024-06-04,13.5,92.5,31.17,22.8,29.3,16:07,16.3,5:27,13,42.1,29
108,서울,2024-06-05,10.4,70.7,25.14,23.6,30.1,14:03,18.1,5:17,12,53.9,36
108,서울,2024-06-06,9.3,63.3,24.47,24.1,31.4,16:11,19.3,6:02,12.1,54.3,31
108,서울,2024-06-07,7.1,48.3,20.41,23.1,28,15:38,18.3,5:44,9.7,54.3,40
108,서울,2024-06-08,2.5,17,9.7,20.3,25,17:30,17.9,4:48,7.1,79.5,58
108,서울,2024-06-09,12.3,83.7,28.38,22.9,28.8,14:56,17.4,5:55,11.4,68.9,47
108,서울,2024-06-10,11.9,81,26.57,24.7,31.1,15:09,19,5:31,12.1,66.3,44
108,서울,2024-06-11,10.2,69.4,27.17,25.4,31.6,15:42,21.7,23:59,9.9,62.4,40
108,서울,2024-06-12,11.3,76.9,27.73,24.8,31.8,14:23,19.2,5:17,12.6,60.8,35
108,서울,2024-06-13,13.3,90.5,29.8,26.4,32.8,15:44,20,5:04,12.8,51.4,28
108,서울,2024-06-14,9.1,61.5,24.24,26.3,33,14:25,21.4,5:32,11.6,56,35
108,서울,2024-06-15,3.4,23,15.71,24.2,28.2,16:29,21.8,4:45,6.4,72.3,55
108,서울,2024-06-16,13.2,89.2,30.02,24.3,29.5,14:48,19.9,5:35,9.6,58.4,38
108,서울,2024-06-17,13.1,88.5,28.17,24.8,30.2,14:48,18.9,5:27,11.3,48.4,28
108,서울,2024-06-18,13.4,90.5,29.22,26,32.9,15:09,20.4,5:44,12.5,59.5,35
108,서울,2024-06-19,13,87.8,28.25,28.8,35.8,16:23,21.4,5:09,14.4,54.3,32
108,서울,2024-06-20,12.1,81.8,25.99,29.4,35.4,13:48,23.4,5:18,12,45.1,27
108,서울,2024-06-21,10.3,69.6,24.75,28.1,33.9,13:04,22.9,5:13,11,49.8,34
108,서울,2024-06-22,0,0,3.59,24.2,26.1,8:33,22.6,12:48,3.5,80.6,59
108,서울,2024-06-23,3.8,25.7,18.84,25.1,30.1,14:02,22.5,3:33,7.6,79.5,59
108,서울,2024-06-24,7,47.3,19.62,24.3,27.9,13:08,21.2,23:53,6.7,70.4,45
108,서울,2024-06-25,10.7,72.3,25.24,22.9,27.2,14:31,19.1,5:59,8.1,61.9,42
108,서울,2024-06-26,12.3,83.1,27.64,24.9,31.6,16:40,18.9,6:08,12.7,61,38
108,서울,2024-06-27,9.3,62.8,23.84,26.3,31.6,13:00,20.6,5:37,11,55,38
108,서울,2024-06-28,13.2,89.2,28.84,26.6,32.5,14:49,21.3,5:36,11.2,54.6,35
108,서울,2024-06-29,6.9,46.9,20.46,26.7,32.3,14:08,21.6,5:29,10.7,65.1,44
108,서울,2024-06-30,0,0,3.89,23.5,24.9,16:40,22,9:47,2.9,88.5,80
108,서울,2024-07-01,8.3,56.5,24.69,26.3,31.3,15:37,22,5:06,9.3,69.1,47
108,서울,2024-07-02,0,0,1.93,23.2,25.2,0:01,21.9,12:14,3.3,90,77
108,서울,2024-07-03,0.6,4.1,8.91,24.7,25.9,11:52,23.6,7:35,2.3,80.3,70
108,서울,2024-07-04,3.4,23.1,18.81,26.8,30.6,14:59,23.2,6:20,7.4,74.8,56
108,서울,2024-07-05,1.4,9.5,11.25,23.4,26.1,16:55,21.3,5:10,4.8,80.5,67
108,서울,2024-07-06,0.1,0.7,6.84,25.1,30,14:20,22.1,5:42,7.9,84.1,73
108,서울,2024-07-07,0.6,4.1,11.09,24.4,28.2,13:27,21.5,5:14,6.7,85.1,68
108,서울,2024-07-08,0,0,3.36,23.8,24.5,15:35,23.1,20:32,1.4,93.4,89
108,서울,2024-07-09,0.1,0.7,7.77,24.5,26.7,13:17,22.7,5:13,4,86.9,78
108,서울,2024-07-10,7.1,48.6,20.04,26.6,31.1,13:26,22.7,5:17,8.4,77.1,57
108,서울,2024-07-11,5.9,40.4,21.74,25.7,28.9,15:31,23.3,23:54,5.6,79.6,66
108,서울,2024-07-12,3.7,25.3,13.33,25.6,30.2,16:19,21.8,5:50,8.4,79.5,59
108,서울,2024-07-13,9.9,68.3,23.54,28.1,33.3,15:44,23.5,5:50,9.8,70,40
108,서울,2024-07-14,7.6,52.4,22.34,28.4,32.1,16:54,24.9,6:54,7.2,65.9,54
108,서울,2024-07-15,6.3,43.4,18.13,28.4,31.3,16:33,24.5,5:24,6.8,64.6,55
108,서울,2024-07-16,4.2,29,12.32,27,30.7,12:27,24.6,23:46,6.1,78.4,62
108,서울,2024-07-17,0.1,0.7,3.48,25.4,28.1,13:45,24.1,3:55,4,91.6,76
108,서울,2024-07-18,0,0,2.47,24.3,25.6,0:01,23.1,8:13,2.5,95.3,89
108,서울,2024-07-19,6.4,44.4,21.69,27,30.8,14:54,24.2,4:40,6.6,80.1,60
108,서울,2024-07-20,1.9,13.2,13.42,27.2,30.6,15:47,25.1,4:43,5.5,80.4,67
108,서울,2024-07-21,1.5,10.4,11.48,26.5,29.8,18:08,22.5,4:51,7.3,83.6,72
108,서울,2024-07-22,0,0,4.09,26.6,27.9,0:01,24.3,11:04,3.6,89,81
108,서울,2024-07-23,0,0,4.92,26.4,27.3,15:17,25.8,4:54,1.5,87.9,80
108,서울,2024-07-24,3,21,15.31,28.1,30.9,13:55,26,5:46,4.9,85,71
108,서울,2024-07-25,2.4,16.8,14.15,28.8,32.2,15:51,25.4,23:56,6.8,79.8,64
108,서울,2024-07-26,6.7,46.9,18.29,28.7,32.7,15:37,25.2,1:37,7.5,81.9,65
108,서울,2024-07-27,1.7,12,12.73,28.9,31.7,12:44,27.5,5:46,4.2,83.6,68
108,서울,2024-07-28,5.1,35.9,18.33,29.2,32.2,14:27,27.3,4:45,4.9,76,59
108,서울,2024-07-29,0,0,2.61,27.4,27.8,0:01,26.8,23:56,1,84,80
108,서울,2024-07-30,3.6,25.5,15.95,28.6,31.9,14:41,26.3,4:59,5.6,78.8,66
108,서울,2024-07-31,4.7,33.3,17.42,29.4,33.3,15:40,27,3:21,6.3,74.5,59
108,서울,2024-08-01,3.6,25.5,14.95,29.9,33.2,15:20,27.3,4:42,5.9,75.5,64
108,서울,2024-08-02,2.4,17.1,10.36,29.6,32.5,16:08,28.2,5:49,4.3,79.4,67
108,서울,2024-08-03,7.8,55.7,21.64,30.2,34.2,15:28,27.2,4:25,7,75,58
108,서울,2024-08-04,10.9,77.9,24.4,31.8,36.2,14:48,27.3,5:42,8.9,69.3,50
108,서울,2024-08-05,3.4,24.5,12.92,30,33.7,15:22,26.9,23:58,6.8,75.5,61
108,서울,2024-08-06,6.2,44.6,18.84,29.5,33.5,15:46,25.6,5:39,7.9,74.8,57
108,서울,2024-08-07,7.6,54.7,20.7,29.6,33.4,16:02,27.2,5:36,6.2,72,55
108,서울,2024-08-08,2.4,17.3,10.94,28.5,31.6,17:08,26.9,23:53,4.7,77.5,63
108,서울,2024-08-09,6,43.5,15.55,29.3,33.6,14:20,25.6,4:42,8,74.1,56
108,서울,2024-08-10,4.3,31.2,15.76,30,33.6,13:35,26.4,5:30,7.2,70.8,55
108,서울,2024-08-11,4.4,31.9,17.14,30.8,34.4,15:21,27.8,5:58,6.6,67.8,53
108,서울,2024-08-12,4.1,29.9,13.51,31.1,34.1,15:12,28.2,6:08,5.9,70.5,57
108,서울,2024-08-13,7.5,54.7,20.81,31.3,36.4,15:01,28.1,5:20,8.3,70,49
108,서울,2024-08-14,4.7,34.3,12.59,30,34.9,14:38,27.3,20:02,7.6,73,52
108,서울,2024-08-15,4.1,30.1,15.98,29.2,34.6,15:41,26.7,5:46,7.9,74.6,53
108,서울,2024-08-16,6.7,49.3,17.24,29.8,34.3,13:40,26.8,4:18,7.5,69.4,51
108,서울,2024-08-17,5.3,39.3,14.73,29.8,34,15:14,27.2,5:59,6.8,71,53
108,서울,2024-08-18,6.4,47.4,17.64,29.5,33.9,12:53,27,5:25,6.9,73.8,56
108,서울,2024-08-19,7.1,52.6,20.08,29.7,35.3,13:55,26.3,6:07,9,72.3,46
108,서울,2024-08-20,7.7,57.5,19.09,31.4,35.4,15:19,27,3:31,8.4,68.3,54
108,서울,2024-08-21,0,0,4.68,28.4,30.8,0:01,26.9,6:53,3.9,85.9,71
108,서울,2024-08-22,1.8,13.4,7.27,28.6,30.3,12:51,27.1,22:11,3.2,79.9,70
108,서울,2024-08-23,5.6,42.1,17.48,28.4,31.8,14:18,26.4,5:50,5.4,73.5,59
108,서울,2024-08-24,2.4,18,12.04,27.6,30.9,16:28,25.1,6:12,5.8,78.8,66
108,서울,2024-08-25,5.1,38.6,15.82,28.5,32.7,15:58,24.9,6:12,7.8,76.6,58
108,서울,2024-08-26,0.3,2.3,8.21,28.1,30.6,15:09,25.6,5:54,5,77.8,61
108,서울,2024-08-27,3.7,28,10.04,26.5,30.3,16:38,24.6,9:53,5.7,69.8,52
108,서울,2024-08-28,11.5,87.8,23.98,28.2,33.2,16:23,23,5:59,10.2,62.1,46
108,서울,2024-08-29,12,91.6,24.86,28.4,33.5,14:16,23.4,6:24,10.1,61,49
108,서울,2024-08-30,12,91.6,24.53,28,32.9,14:15,23.7,6:04,9.2,64,45
108,서울,2024-08-31,12,92.3,24.15,27.6,33,15:53,22.6,6:39,10.4,65.6,40
108,서울,2024-09-01,6.9,53.1,20.05,27.1,31.6,14:58,24.6,5:57,7,64.9,41
108,서울,2024-09-02,0.1,0.8,5.82,24.5,26.9,17:01,22.2,7:09,4.7,73.6,65
108,서울,2024-09-03,7.4,57.4,20.85,27,32,14:53,23.2,6:25,8.8,54.5,44
108,서울,2024-09-04,10.6,82.2,22.99,27.9,33.3,15:59,23.2,5:57,10.1,61.4,42
108,서울,2024-09-05,0.9,7,6.91,26.3,28.8,10:30,25.6,19:03,3.2,79.1,63
108,서울,2024-09-06,0,0,4.41,24,25.7,0:01,23.3,12:11,2.4,79.3,69
108,서울,2024-09-07,7.6,59.4,18.81,26.5,31.3,14:32,22.8,6:21,8.5,68.9,50
108,서울,2024-09-08,9.1,71.7,20.01,27.2,32.8,15:28,22.6,6:35,10.2,69.6,47
108,서울,2024-09-09,6,47.2,16.38,28.5,34.1,14:45,24.1,4:20,10,69,50
108,서울,2024-09-10,9,71.4,17.2,29.4,33.9,15:35,25.6,6:00,8.3,67.3,51
108,서울,2024-09-11,5.2,41.3,12.49,29,34.6,12:40,25.4,6:18,9.2,71.5,50
108,서울,2024-09-12,0,0,3.78,25.4,27.1,0:01,24.8,21:21,2.3,91.5,85
108,서울,2024-09-13,0,0,4.86,25.9,28,12:43,24.2,4:13,3.8,91.4,80
108,서울,2024-09-14,5.1,40.8,14.61,28,32.2,16:30,25.2,6:57,7,80.3,59
108,서울,2024-09-15,8.2,66.1,18.89,27.5,32.4,15:20,24.2,23:46,8.2,73.6,59
108,서울,2024-09-16,6.2,50,17.09,26.8,32.2,14:53,21.3,7:38,10.9,74,58
108,서울,2024-09-17,3.5,28.2,14.62,28.6,33.2,15:07,25.8,5:56,7.4,77,59
108,서울,2024-09-18,6.5,52.8,17.53,29.4,33.6,14:45,26.5,4:34,7.1,76.8,61
108,서울,2024-09-19,1.4,11.4,11.47,29.1,32.6,15:15,25.6,6:32,7,77.4,63
108,서울,2024-09-20,0.1,0.8,3.58,25,28.6,0:01,17.9,23:45,10.7,89.8,80
108,서울,2024-09-21,0,0,6.31,19.3,21.9,15:28,17.1,7:49,4.8,82.3,69
108,서울,2024-09-22,7.2,59,19.34,21,26.7,15:20,16.9,5:23,9.8,67.4,50
108,서울,2024-09-23,11.4,94.2,22.31,20.8,26.1,15:44,16.6,6:03,9.5,58.3,42
108,서울,2024-09-24,11.1,91.7,22.03,21,26.9,15:35,15.6,6:38,11.3,57.9,37
108,서울,2024-09-25,6.1,50.8,13.51,23.3,27.3,14:24,18.6,3:12,8.7,65.6,55
108,서울,2024-09-26,5.9,49.2,14.01,23.6,28,15:05,21.1,6:45,6.9,75.1,57
108,서울,2024-09-27,7.9,65.8,16.45,22.7,28,15:34,19.1,6:43,8.9,72.8,49
108,서울,2024-09-28,8.2,68.9,18.07,23.2,27.9,13:59,19.2,6:13,8.7,59.3,48
108,서울,2024-09-29,7.3,61.3,18.06,23.5,29,14:46,19.1,6:22,9.9,61.5,47
108,서울,2024-09-30,8,67.8,16.77,23,28.5,15:32,18.3,6:22,10.2,63,45
108,서울,2024-10-01,2.2,18.6,7.73,18.3,21.7,0:01,13.3,24:00:00,8.4,67.5,39
108,서울,2024-10-02,9.5,80.5,20.66,14.9,19.9,15:36,11.6,6:49,8.3,48.8,31
108,서울,2024-10-03,7.3,62.4,15.9,16.4,22.5,13:07,10.8,6:18,11.7,59,37
108,서울,2024-10-04,10.9,93.2,20.32,17.6,24.2,14:54,11.9,6:42,12.3,60,35
108,서울,2024-10-05,9.7,83.6,17.31,17.5,24.4,15:10,11.6,6:01,12.8,60.4,38
108,서울,2024-10-06,0,0,3.65,15.4,17.9,15:00,12.3,5:46,5.6,73.5,61
108,서울,2024-10-07,1.8,15.5,9.33,16.9,20.7,13:12,14,6:52,6.7,73.9,56
108,서울,2024-10-08,6.8,59.1,14.54,17.7,23.9,15:05,12.7,7:10,11.2,73.9,51
108,서울,2024-10-09,8.1,70.4,16.61,18.8,24.4,14:02,13.9,6:29,10.5,64.1,44
108,서울,2024-10-10,6.3,55.3,13.91,18.8,24.1,15:47,15.3,6:11,8.8,66.3,46
108,서울,2024-10-11,9.5,83.3,16.05,18.6,24.4,14:51,13.9,7:02,10.5,68.8,40
108,서울,2024-10-12,10.4,91.2,18.19,18.3,24.7,15:35,13.4,6:57,11.3,60.6,26
108,서울,2024-10-13,4.7,41.6,11.43,18.3,22.6,15:35,12.6,6:25,10,67,47
108,서울,2024-10-14,0,0,4.71,19.3,21.5,14:44,17.6,3:09,3.9,70.3,50
108,서울,2024-10-15,0,0,4.59,19.2,21.9,15:11,17.6,6:12,4.3,85,77
108,서울,2024-10-16,6.8,60.7,13.84,18.2,24.2,14:49,14.4,6:28,9.8,76.9,49
108,서울,2024-10-17,7.5,67,14.7,19,25.7,15:12,13.8,4:02,11.9,70.4,46
108,서울,2024-10-18,0,0,1.54,17.4,18.8,9:30,16.2,19:55,2.6,86.1,74
108,서울,2024-10-19,2.1,18.9,8.19,16.6,21.1,11:51,12.4,23:41,8.7,75,60
108,서울,2024-10-20,10,90.1,17.47,13.4,17.8,14:21,10.5,7:09,7.3,56,42
108,서울,2024-10-21,1.1,10,8.92,14.8,19.3,15:13,9.7,2:33,9.6,66.4,52
108,서울,2024-10-22,0,0,1.27,15.5,16.6,21:55,14.9,6:44,1.7,90.8,72
108,서울,2024-10-23,2.9,26.6,9.76,12.7,15.5,13:41,9.4,23:56,6.1,75.3,61
108,서울,2024-10-24,9.9,90.8,16.03,12.5,18.4,15:01,7.1,6:50,11.3,71.4,49
108,서울,2024-10-25,7.9,72.5,14.88,14.9,21.5,14:16,8.7,7:01,12.8,64.1,33
108,서울,2024-10-26,9.7,89.8,16.04,17,24,15:52,10.7,6:44,13.3,68.3,45
108,서울,2024-10-27,0.2,1.9,5.27,16,18.8,13:14,14,24:00:00,4.8,79.4,67
108,서울,2024-10-28,1.9,17.6,8.92,15.7,20.4,15:04,12.3,4:16,8.1,75.9,60
108,서울,2024-10-29,0.2,1.9,6.22,15,18.3,15:29,13.4,5:04,4.9,64.6,49
108,서울,2024-10-30,9.6,89.7,14.75,15.7,21.4,14:05,11.4,7:09,10,71.3,46
108,서울,2024-10-31,9.4,87.9,14.38,15.9,22.6,14:55,11,7:14,11.6,67.8,42
108,서울,2024-11-01,0.1,0.9,5.83,15.3,18.7,14:54,12.9,3:21,5.8,70.8,55
108,서울,2024-11-02,9.6,90.6,14.31,18.1,25.1,15:10,13,6:58,12.1,58.9,41
108,서울,2024-11-03,8.2,77.4,13.13,17.6,23.5,13:47,13,6:55,10.5,71.1,47
108,서울,2024-11-04,6.7,63.8,11.74,14.8,18.3,12:28,8.9,23:54,9.4,62,32
108,서울,2024-11-05,8.8,83.8,13.47,9.1,14.7,14:23,5.6,7:37,9.1,49.8,28
108,서울,2024-11-06,9.7,92.4,14.98,7.5,12.5,14:30,4.1,6:28,8.4,46.1,29
108,서울,2024-11-07,9.7,93.3,14.42,7.8,15.7,15:15,1.6,7:07,14.1,48.1,27
108,서울,2024-11-08,9.6,92.3,13.87,10.2,18.1,15:01,3.1,6:29,15,50.8,33
108,서울,2024-11-09,8.9,86.4,13.18,12.9,20.3,14:36,6.8,6:07,13.5,55.8,34
108,서울,2024-11-10,6.8,66,11.42,14.4,21,15:20,10.3,5:36,10.7,64,45
108,서울,2024-11-11,9.3,90.3,12.95,14.6,21.8,14:30,9.7,7:43,12.1,64.5,35
108,서울,2024-11-12,9.3,90.3,13.02,14.3,19.2,15:20,11,23:59,8.2,66.8,44
108,서울,2024-11-13,8.6,84.3,12.26,14.2,21.3,14:33,8.3,7:11,13,62.9,41
108,서울,2024-11-14,0,0,3.57,14.8,16.8,14:34,13.2,4:19,3.6,68.4,61
108,서울,2024-11-15,5.5,53.9,9.84,17,21.5,15:50,13.7,1:09,7.8,65.1,48
108,서울,2024-11-16,,0,,17,22.6,13:16,14.4,23:58,8.2,72.5,46
108,서울,2024-11-17,4.1,40.6,8.47,7,14.4,0:01,2.1,24:00:00,12.3,47.6,31
108,서울,2024-11-18,9.3,92.1,13.68,2.8,7.9,14:56,-0.7,7:21,8.6,30.9,21
108,서울,2024-11-19,7.4,73.3,9.9,5.7,11.3,14:18,0.3,0:01,11,49.5,39
108,서울,2024-11-20,0.3,3,3.75,6.5,9.6,12:06,2.4,4:45,7.2,65.8,49
108,서울,2024-11-21,3.2,32,6.57,9.7,14.1,13:19,6,6:31,8.1,71.9,54
108,서울,2024-11-22,9.2,92,12.57,6.2,10.6,14:51,3.3,8:01,7.3,48,33
108,서울,2024-11-23,9.2,92,11.87,6.4,12.6,14:25,1.5,7:11,11.1,47.1,35
108,서울,2024-11-24,9.1,91.9,11.89,7.4,14.2,15:29,2.6,7:29,11.6,58.4,37
108,서울,2024-11-25,6.8,68.7,9.9,10.1,15.4,14:12,3.6,4:59,11.8,57.6,47
108,서울,2024-11-26,0.9,9.1,4.35,5.8,12.7,0:01,1,23:48,11.7,86.4,54
108,서울,2024-11-27,0.3,3,0.82,-0.4,1.2,0:48,-1.3,7:42,2.5,90.6,78
108,서울,2024-11-28,4.5,45.9,8.16,0.8,3.4,13:07,-1.7,23:47,5.1,82,63
108,서울,2024-11-29,5.4,55.1,8.35,0.2,3.4,13:06,-3.4,7:09,6.8,76.3,54
108,서울,2024-11-30,2.4,24.5,4.74,2.5,5.6,14:46,-0.5,6:37,6.1,81.6,63
108,서울,2024-12-01,2.4,24.5,7.01,5.2,8.2,14:11,1.6,4:44,6.6,89.3,78
108,서울,2024-12-02,2.3,23.5,5.09,6.4,13,14:03,0.6,23:59,12.4,79.9,47
108,서울,2024-12-03,8.9,91.8,11.61,1.3,5.2,14:38,-2.4,7:40,7.6,48.6,26
108,서울,2024-12-04,8.9,91.8,11.12,3.1,6.9,14:47,-0.6,8:08,7.5,52.1,27
108,서울,2024-12-05,6.7,69.1,9.89,3.9,8.8,13:39,-0.1,6:53,8.9,62.8,29
108,서울,2024-12-06,9.1,93.8,11.69,2.1,5.2,12:59,-0.4,23:52,5.6,49.3,33
108,서울,2024-12-07,7.2,74.2,10.86,0.2,4.6,13:43,-2.5,6:40,7.1,56.9,40
108,서울,2024-12-08,9.1,93.8,11.62,-0.2,4.1,14:51,-3.9,6:44,8,46.5,27
108,서울,2024-12-09,8.3,85.6,10.61,1,7.4,14:20,-3.8,6:22,11.2,56.1,38
108,서울,2024-12-10,8.4,87.5,10.52,2.6,6.9,15:13,-1.9,7:54,8.8,58.9,39
108,서울,2024-12-11,6.9,71.9,8.65,3,8.2,14:50,0.2,23:57,8,50.3,37
108,서울,2024-12-12,6.7,69.8,10.06,0.5,5.4,13:31,-3.2,7:19,8.6,45.8,27
108,서울,2024-12-13,5.2,54.2,7.14,1,4.5,14:39,-1.5,23:50,6,42.1,30
108,서울,2024-12-14,9,93.8,11.11,-0.8,2.5,15:25,-3.6,7:49,6.1,51,37
108,서울,2024-12-15,6,62.5,8.76,1.2,5.4,13:15,-2.2,23:55,7.6,54.1,33
108,서울,2024-12-16,3.8,39.6,5.61,-0.2,3.9,12:38,-3.3,5:48,7.2,65.9,39
108,서울,2024-12-17,6.2,64.6,8.26,-0.8,3.8,15:48,-3.5,23:53,7.3,51.8,34
108,서울,2024-12-18,9,93.8,11.38,-3.4,0.9,15:20,-6.2,7:39,7.1,47.1,33
108,서울,2024-12-19,8.2,85.4,10.53,-1.4,4.9,14:51,-6.7,7:52,11.6,47.4,28
108,서울,2024-12-20,1.4,14.6,4.9,1.4,5.3,14:25,-2.1,4:36,7.4,60.9,48
108,서울,2024-12-21,2,20.8,4.03,-0.7,1.9,4:53,-4.7,23:35,6.6,74.1,55
108,서울,2024-12-22,9,93.8,11.47,-3.4,1,15:40,-7.7,8:06,8.7,52.9,36
108,서울,2024-12-23,7.3,76,10.29,0.3,6.7,14:42,-5,7:06,11.7,58.5,38
108,서울,2024-12-24,9,93.8,11.06,-0.4,5.1,15:24,-4.3,7:25,9.4,50.3,31
108,서울,2024-12-25,3,31.3,6.46,2.7,6.5,14:24,-1.1,4:49,7.6,63.1,51
108,서울,2024-12-26,8.6,89.6,11.1,0.1,4.2,0:01,-4.8,23:56,9,57.9,37
108,서울,2024-12-27,7.3,76,9.29,-2.6,1.8,14:03,-5.9,7:36,7.7,51.4,35
108,서울,2024-12-28,8.3,86.5,11.01,-3,1.1,15:08,-6.7,8:21,7.8,48.3,37
108,서울,2024-12-29,6.5,67.7,9.49,1.1,6.1,14:17,-4.2,8:08,10.3,56.1,35
108,서울,2024-12-30,2.6,27.1,6.29,5.5,10.1,12:34,1.9,0:26,8.2,68.5,52
108,서울,2024-12-31,9,93.8,11.57,0.6,4.9,0:04,-2,8:21,6.9,45.8,28
